text_mail_city,Count
,1825371
\,2
`,1
+,1
108 N Madison S,1
318 E McKay,1
67120,1
67629,1
719 Traders Ave,1
908 Grantstreet,1
Abbeville,2
Abbyville,39
Abbyville Ks,1
Aber Prov Grd,1
Aberdeen,2
ABERDEEN,1
Abil,1
Abile,1
Abilene,266
Absecon,1
Acworth,1
ACWORTH,2
Ada,3
Adams,1
Adel,1
Adkins,1
Admire,20
Adrian,1
afton,1
Afton,3
"Agdao, Davao City",1
Agenda,40
Agoura Hills,1
Agra,100
Aiea,2
Aiken,1
AINSWORTH,1
AJ,1
Akron,1
Alabaster,1
ALAMEDA,1
Alamo,2
Alamogordo,5
Alamosa,4
Albany,4
Albert,88
Albion,1
Albuquerque,13
ALBUQUERQUE,3
Alden,57
Aledo,1
Alex Bay,1
Alexandeia,1
Alexander,41
Alexandria,18
ALEXANDRIA,1
Algard,1
Alhambra,2
ALICE,1
Aliso Viejo,1
Allen,145
Allendale,1
Allentown,1
Allston,4
Alma,309
Almena,255
ALPENA,1
Alpharetta,1
Alpine,1
Alrlington,1
Alta Vista,214
Alta Vista Ks,1
Altamont,330
Altamonte,1
Alton,17
Altoona,88
Altus,5
Altus Afb,1
Alva,5
Amargosa Valley,1
Amarillo,3
Americus,206
Ames,30
Amherst,2
Amherst College,1
AMORET,1
Amorita,1
Anacortes,4
Anaheim,2
Anchorage,3
Andale,241
Anderson,1
Andover,687
ANDOVER,1
"Andover, Ks",1
Andrews,1
Andrews Afb,1
Andrews AFB,1
Angels Camp,2
Angleton,1
Angola,2
Ankeny,1
ANKENY,2
Ann Arbor,10
ANNA,2
Annandale,2
Annapolis,14
Anniston,1
Annopolis,1
Anthony,368
Antioch,5
apache,1
Apache Junction,9
Apo,51
APO,67
Apo-Ae,1
APO AA,1
Apo Ae,16
APO AE,2
Apo Ap,4
"Apo, Ae",2
"Apo,ae",1
Apopka,1
Apple Valley,1
Appleton City,1
Arapahoe,2
Arcadia,28
ARCADIA,1
Arden,1
Ardmore,1
Argona,1
Argonia,182
Ark city,1
Ark City,3
Arkansas,1
Arkansas City,280
ARKANSAS CITY,1
Arlington,159
Arlington Ks,1
Arma,400
ARMA,2
Arnold,1
Arroyo Seco,2
ARVADA,1
Asbury,1
Ashburn,2
Asheville,1
Ashland,749
ASHLAND,7
Assaria,175
Astoria,1
Atascosa,1
Atchison,295
ATCHISON,2
"Atchison,kansas",1
Athena,1
Athens,9
Athol,1
Atlanta,97
ATLANTA,6
Atlantic Beach,1
Atlantic City,1
Atoka,2
Attica,122
Atw,1
Atwood,681
Au,1
AUBREY,1
Auburn,187
AUBURN,2
Audrey,1
Augusta,558
AUGUSTA,2
Ault,1
Auroa,1
Aurora,49
AURORA,5
Austin,36
AUSTIN,6
Austrailia,1
Australia,2
Avalon,1
Ave Maria,2
Avon,1
Avondale,4
Axle,1
Axtell,88
Babson Park,1
BACLIFF,2
"Bad Homburg, Germany",1
Baden,1
Bailey,1
Baileyville,31
BAKER,1
Bakersfield,2
Bala Cynwd,1
Bald Head Island,1
Baldwin,11
Baldwin City,489
BALDWIN CITY,1
Baldwincity,1
Ballston Spa,1
Ballwin,2
Baltimore,18
BALTIMORE,1
Bangkok,1
Banks,3
Barnard,45
Barnes,34
BARNETT,1
Barrington,1
BARRINGTON,2
Bartlesville,13
Bartlett,10
BARTLETT,1
Bartleville,1
BARTLEY,1
Basalt,1
Basehor,403
BASEHOR,10
Bastrop,1
Bath,1
Baton Rouge,4
Battle Creek,1
Battlecreek,1
Battlefield,1
Bax Springs,1
Baxter Spgs,1
BAXTER SPGS,1
Baxter Spring,1
Baxter Springs,382
BAXTER SPRINGS,1
Baxter Srpings,1
Bay City,1
BAY CITY,1
Bay Saint Louis,1
Bay St Louis,1
Bayamon,1
Bayfield,2
Bayonne,1
Baytown,1
Bazine,82
Beach Park,1
Bealton,1
Beattie,22
Beaufort,4
Beauforts,1
Beaumont,3
Beaver,1
Beaver City,2
Beaver Falls,1
Beavercreek,5
BEAVERTON,2
Beckley,3
Bedford,2
BEDFORD,1
Beebe,1
Beeler,11
Bel Air,1
Bel Aire,19
Belaire,1
Bell,2
Bella vista,2
Bella Vista,4
BELLA VISTA,1
Belle,1
Belle Plain,1
Belle Plaine,480
BELLE PLAINE,1
Belleplaine,1
Bellevi,1
Belleville,547
BelLEVILLE,1
Bellevue,20
BELLEVUE,1
Bellewe,1
Bellingham,4
Belmont,1
BELMONT,1
BELMORE,1
Beloit,183
Belpre,30
Belton,22
BELTON,13
Belton Ks,1
Belvidere,1
Belvue,87
Ben Wheeler,1
Bend,2
BEND,1
Bendena,31
Benedict,12
Benkelman,5
Bennett,1
Bennington,146
Benson,1
Bentley,291
"Bentley, Ks",1
Bento,1
Benton,347
Bentonville,8
Berea,1
Bergman,1
Berkeley,6
Bern,90
Berrington,1
Berryton,71
Bershire ENG,1
Berthoud,1
Bertrand,1
Berwyn Heights,1
Bessemer,1
Bethany,2
Bethesda,2
Bethlehem,1
Bettendorf,2
Beuna Vista,1
Beverly,111
Beverly Hills,1
Biddeford,1
BIG SANDY,4
Big Sky,1
Billings,6
BILLINGS,1
Biloxi,3
Binghamton,2
Bird City,408
BIrd City,1
Birmingham,6
Bishop,1
Bismarck,2
Bison,104
Bixby,4
Black Diamond,2
BLACKLICK,4
Blacksburg,1
BLACKSBURG,1
Blackwater,1
Blackwell,1
Blaine,4
Blair,1
Blakesburg,1
Bloom,2
Bloomfield,3
Bloomington,23
BLOOMINGTON,1
Blountville,1
Blue Ash,1
Blue Eye,2
Blue Mound,64
Blue Rapids,45
Blue Springs,16
BLUE SPRINGS,21
Bluemound,1
Bluff City,15
Blunt,2
Blythewood,2
Boca Raton,1
Boerne,1
Bogue,99
BOGUE,1
Bogue Ks,1
Boiling Springs,1
Boise,4
BOISE,1
Boitheville,1
Boles,1
Bolingbrook,1
Bolivar,9
Bonita,1
Bonita Springs,2
"Bonn, Germany",1
Bonner Spring,2
Bonner Springs,198
Boone,3
Boonville,1
BOONVILLE,1
Bossier City,2
BOSSIER CITY,1
Bosten,1
Boston,19
Bothell,2
Boulder,17
BOULDER,1
Boulevard,1
Bountiful,2
Bowie,2
Bowling Green,4
Box Elder,3
Boynton Beach,1
Bozeman,4
BOZEMAN,2
Brackettville,1
Bradenton,2
Brancheille,1
Brandford,1
Brandon,1
BRANDON,1
Branson,6
BRATTLEBORO,1
Braymer,2
Brazoria,2
Bremen,24
Bremerton,7
Brenham,1
Brent,1
Brentwood,1
Brewester,1
Brewster,237
Brian,1
Bridgeport,1
Bridgeton,3
Brigham City,2
Brighton,7
Bristol,3
Bristow,1
Broadway,2
Broken-Arrow,1
Broken Arrow,5
BROKEN ARROW,5
Bronson,85
Bronson Ks,1
Bronte,1
Bronx,2
Brookfield,1
Brookhaven,1
Brookings,1
Brookline,5
Brooklyn,65
BROOKLYN,1
Brookville,91
Brookyln,1
Broomfield,4
Brownell,21
Browns Mills,1
Brownsville,2
Brownsville Tx,1
Bruch,1
Brunswick,2
Brush,1
Bryan,4
Buckeye,5
Bucklin,472
BUCKLIN,3
Bucyrus,111
BUELLTON,1
Buena Park,1
Buffalo,68
BUFFALO,2
Buford,1
Buhler,451
Buhler Ks,23
Bull Shoals,1
Bullhead City,2
Bunker Hill,116
Bunker HIll,2
Burbank,2
Burden,88
Burdett,44
Burdick,85
Burgaw,1
Burien,1
Burke,1
Burl,1
Burlingame,81
"Burlingame, Ks 66413",1
Burlington,266
BURLINGTON,2
Burns,76
Burr Oak,26
Burroak,1
Burrton,279
Burton,1
Busby,1
Bushong,1
Bushton,87
Butler,2
BUTLER,1
Byers,1
Byhalie,1
Byron,8
CABALLO,2
Cactus,1
Cadlwell,1
Calabasas,1
Calagary,1
Calcium,1
Caldwell,68
Calera,1
California,2
Calumet,1
Calvin,1
Camarillo,1
CAMAS,1
Cambria Heights,1
Cambridge,47
CAMBRIDGE,1
Camden,1
CAMDEN POINT,1
Camdenton,5
CAMDENTON,3
Cameron,5
Camp Gieger,1
Camp H.m. Smith,1
Camp Lejeune,7
Camp LeJeune,1
Camp Lejeure,1
Camp Pendleton,5
Camp Verde,1
Campbellsville,1
Campo,1
Canaan,1
Canada,2
Canada V2T 4G5,1
Caney,126
Cannon Afb,1
Canogo Park,1
CANON CITY,1
CANONSBURG,4
Canton,318
CANTONMENT,1
Canyon,5
Canyon Lake,1
Cape Coral,1
CAPE CORAL,1
Cape Girardeau,4
carbondale,1
Carbondale,244
Carl Junction,7
Carl Junstion,1
Carlisle,3
Carlsbad,7
Carlton,3
Carmel,2
Carmel Valley,2
Carrollton,1
CARROLLTON,2
Carson,1
Carthage,4
CARTHAGE,1
Cary,1
CARY,1
Casa Grande,5
Cascade,1
Cascade Locks,1
Casper,2
Cassaday,1
Cassoday,74
Cassville,2
Castaic,1
Castle Pines,1
Castle Rock,2
Catharine,10
CATHEDRAL CTY,1
Catherine,33
Catonsville,1
Catoosa,1
Cavalier,1
Cave Creek,1
Cave Springs,3
Cawker,1
Cawker City,101
Cedar,8
Cedar City,3
Cedar Falls,3
Cedar Glen,1
Cedar Hill,2
Cedar Point,22
Cedar Rapids,3
CEDAR RAPIDS,3
Cedar Vale,218
Cedarvale,4
Cedarville,5
Centennial,6
Centereach,1
Centerville,18
CENTERVILLE,2
Central City,1
Central Point,2
Centralia,127
Centreville,1
Cha,1
Chadron,1
Chalmette,1
Chamblee,1
Champaign,6
Chandler,7
CHANDLER,1
Chanhassen,1
CHANNELVIEW,1
Chantilly,1
Chanute,499
ChANUTE,1
Chanute Ks,1
Chanutr,1
Chapel Hill,5
Chapman,426
CHAPMAN,1
Chappell,1
Chardon,1
Chariton,1
Charleston,9
Charleston Afb,1
Charlotte,11
CHARLOTTE,4
Charlottesville,5
Chase,207
"Chase, Ks",1
Chatham,1
Chatsworth,1
Chattanooga,3
Chautaugua,1
Chautauqua,46
Chcago,1
Chelsea,1
CheLSEA,1
Cheney,586
CHENEY,1
Cher0kee,1
Cheraw,1
Cherokee,168
Cherry Hills,1
Cherryale,1
Cherryvale,86
Chesapeake,11
Chester,11
Chesterfield,9
Chestnut Hill,4
Chetopa,260
Cheyenne,6
CHEYENNE,1
Chicago,143
CHICAGO,6
Chickasha,1
Chicopee,1
CHICOPEE,1
Chillicothe,1
CHILLICOTHE,1
Choctaw,1
Chula Vista,7
Cibolo,1
Cicero,1
Cim,1
Cimarron,1537
Cimmarron,1
Cincinnati,4
CINCINNATI,2
CIRCLE PINES,2
Circleville,55
City,1
Clackamas,2
Claflin,331
Clalin,1
Claremont,2
Claremore,2
CLAREMORE,1
Clarendon,1
Clark,1
Clarksville,10
Clay Center,126
Clayton,86
CLEARFIELD,1
Clearwater,204
Clemson,2
Cleveland,14
CLEVELAND,2
Cleveland Heights,1
Clever,1
CLEVER,1
Clewiston,1
Clifton,54
CLIFTON,2
ClIFTON PARK,1
Climax,3
Climax Springs,1
CLIMAX SPRINGS,1
Clinton,3
CLINTON,2
CLINTON TOWNSHIP,1
Clive,1
CLIVE,1
Cloudcroft,1
Clouis,1
Clovis,7
CLOVIS,1
Clyde,63
Coabot,1
COATESVILLE,1
Coats,21
Cobb,1
Codell,4
Codorus,2
Cody,1
Coeur d'Alene,1
Coeur D Alene,2
Coffeyville,349
Colby,448
COLBY,1
Cold,1
Coldwater,611
COLDWATER,2
Cole Camp,1
COLERAINE,1
College Park,2
College Station,6
Collegedale,2
Collinsville,2
Collyer,58
Colo Spgs,1
Colombia,1
Colonial Beach,1
Colony,116
Colorado Spgs,3
Colorado Spring,26
Colorado Springs,35
COLORADO SPRINGS,1
Colorado Sprins,1
Colorado Sprngs,1
Columbia,66
COLUMBIA,4
Columbus,301
ColUMBUS,1
COLUMBUS,2
Colwich,260
COLWICH,1
Commerce,2
Commerce City,2
COMMERCE CITY,1
COMPTON,2
COMSTOCK PARK,1
Conception,1
Concord,1
Concordia,253
Conneautville,1
Conroe,1
Converse,2
Conwa Sp,1
Conway,5
Conway Springs,313
COOKSON,1
Coolidge,67
COOLIDGE,2
Coon Rapids,1
Copeland,240
Copeland Ks,1
Copenhagen,1
Coppell,2
COPR CHRISTI,1
Coralville,2
CORALVILLE,1
CORAPEAKE,1
Cordoba,1
Cordova,2
Corning,6
Corona,1
Coronado,3
Corp Christi,1
CORP CHRSTI,1
Corpus Christi,6
CORPUS CHRISTI,4
Corte Madera,1
Corvallis,2
COSBY,1
Coto de Caza,1
cotonwood falls,1
Cottnwd Falls,1
Cottnwd Fls,3
Cottonwd Fls,1
Cottonwood,1
COTTONWOOD,1
Cottonwood Fall,19
Cottonwood Falls,151
Cottonwood Fals,1
Cottonwood Fls,89
Cottonwood Heights,1
Cottonwood Hights,1
Cottonwoodfalls,1
Coucil Grove,1
Council Blfs,1
COUNCIL BLFS,1
Council Bluffs,2
Council Grove,1489
Courtland,199
Covington,2
COVINGTON,1
COWETA,1
Cozad,1
Crater Lake,1
crescent,1
Cresskill,1
Crested Butte,1
Crestline,39
Crestview,2
Crete,2
Creve Coeur,2
Creve Couer,1
Crofton,1
Crosslake,1
Crossville,1
Crowley,2
CROWN POINT,1
Cuba,114
Culbertson,1
Culiver City,1
Culleoka,1
Cullison,3
Culver,3
Cumberland,1
Cumming,1
Cummings,14
Cunnigham,2
Cunningham,294
CUNNINGHAM,1
"Cunningham,",1
Cunninghman,1
Cupertino,1
Cuyahoga Falls,1
CY,1
Cypress,4
CYPRESS,1
D'iberville,1
DADE CITY,1
Dahlgren,1
Dahlonega,2
Dahonega,1
Dalla,1
Dallas,64
DALLAS,10
Dalllas,1
Dalton,1
Damar,85
Damr,1
Dana Point,2
Danbury,14
DANBURY,1
Danville,35
Darien,1
Davenport,6
DAVENPORT,1
davidsonville,1
Davie,2
Davis,2
Dawn,1
DAYTONA BEACH,2
De Soto,180
Dearborn,1
DEARBORN,1
Dearing,213
Decatur,10
Decorah,1
Deeerfield,1
Deefield,1
Deerfield,494
Deforest,1
Dekalb,1
DEL NORTE,1
Del Rio,4
DEL RIO,1
Deland,1
Delavan,16
Delaware,2
Delhi,1
Delia,34
DELMAR,1
Delphos,153
"Delphos, 67436",1
Deltona,1
Denison,53
Denmark,2
Dennis,26
Denton,36
DeNTON,1
Denver,70
DENVER,2
Depew,1
Derby,313
Deridder,2
Des Moines,10
DeS MOINES,1
Desert Hot Springs,1
Deshler,1
Desoto,27
DeSoto,4
DESOTO,1
Detroit,1
Dewey,3
Dexter,110
Dickinson,3
Digh,1
Dighton,820
Dillon,1
Dillwyn,4
DISCOVERY BAY,2
Disney,6
Divide,1
Dixon,1
Doddge City,1
Dode City,1
Dodg City,1
Dodge,2
dodge city,1
Dodge City,787
DODGE CITY,2
Dodge City Ks,2
Dodge Coty,1
Dolan Springs,1
DONALDS,1
Doral,5
dorrance,1
Dorrance,168
Dothan,1
Douglas,1
Douglass,309
DOUGLASVILLE,1
Dover,30
Downs,34
Dpo,1
Draper,2
Drayton,1
Dresden,89
DRESDEN,1
Drexel,7
DREXEL,3
Dripping Spgs,2
Du Bois,2
DU BOIS,1
Duarte,1
DUBLIN,1
Dubois,2
Dubuque,2
Duenweg,2
DULCE,2
Dulles,9
Dulles Airport,1
Dumfries,3
Dumont,5
Duncan,1
Duncanville,2
Dundalk,1
Dunlap,11
Dunmor,1
Dupont,2
Durango,1
Durant,1
Durham,48
DURHAM,2
Duvall,2
Dwight,227
Dyess Afb,2
Eads,1
Eagle,6
Eagle Butte,1
Eagle River,1
Eagle Rock,1
Earlimart,1
East Alton,1
EAST HAVEN,1
East Lansing,6
EAST LANSING,1
Eastampton,1
Eastborough,1
Easthampton,1
EASTLAND,1
Easton,127
Easton Kansas,1
Eastport,1
Eden Prairie,2
Edgar,1
Edgerton,163
Edgewater,1
Edmond,40
EdMOND,1
EDMOND,2
Edna,158
Edson,17
Edwards,5
Edwardsville,767
Effingham,110
El Cajon,1
EL CAJON,1
El Centro,1
El Dorado,638
El Dorado Springs,3
El Paso,21
EL PASO,1
El Prado,1
El Reno,2
Elbing,113
Eldmale,1
Eldora,1
Eldorado,22
Elgin,2
Elizabeth,3
Elizabethtown,3
Elk City,107
Elk Falls,64
Elk Grove,2
elkhart,1
Elkhart,1466
Elkhorn,2
Elks,1
Elkwood,2
Ellensburg,1
Ellijay,1
Ellinwood,120
Elliott,1
Ellis,93
Ellsinore,1
Ellsworth,143
Elmdale,30
Elmhurst,1
Elon,1
Elsie,1
Elsmore,8
ELSMORE,1
Elwood,433
Emerald Isle,1
Emeryville,1
Emmett,103
EMMETT,2
Emmitsburg,1
Emory,1
Emporia,1442
EMPORIA,1
Emporia Ks,1
England,1
Englewood,81
ENGLEWOOD,2
Enid,9
Enloe,1
ENNIS,1
Ensign,111
Enterprise,244
Erie,109
Erwin,1
Esbon,30
ESBON,1
Escondido,4
Eskridge,184
Essex,2
Estes Park,2
Etna,1
ETNA,1
Eudora,282
EUDORA,2
Eugene,10
Euless,1
EULESS,1
Eureka,555
Evans,8
Evans Mills,1
Evanston,12
EVANSTON,1
Evansville,1
EVANSVILLE,1
Everest,86
Everett,7
Evergreen,3
Ewa Beach,3
Ewlood,1
EXCELSIOR,1
EXCELSIOR SPG,2
Excelsior Springs,1
FAIR PLAY,1
Fairbank,1
Fairbanks,1
FAIRBANKS,1
Fairborn,1
Fairbury,1
Fairchild Afb,1
Fairfax,6
Fairfield,3
Fairland,3
Fairmont,1
Fairplay,1
Fairview,67
Fairview Ks,1
Fairviewheights,1
Fairway,13
FAIRWAY,3
fall river,1
Fall River,202
FaLL River,1
Fallbrook,7
Falling Waters,2
FALLING WATERS,1
Fallon,3
Falls Church,7
FALLS CHURCH,1
Falls City,2
Falmouth,1
Falun,33
Far Rockaway,1
Fargo,3
FARGO,1
FARLEY,2
Farlington,4
Farmers Branch,1
Farson,1
Fate,1
Fayeteville,1
Fayettevile,1
Fayettevilla,1
Fayetteville,124
FAYETTEVILLE,4
Fayettville,2
Fayville,1
Federal Heights,1
Federal Hgts,1
Federal Way,3
Felton,1
FERGUS FALLS,1
Ferndale,1
Fernley,1
Firestone,3
FISHERS,1
Flagler,1
Flagstaff,3
Flat Rock,1
Florence,29
"Florence, Italy",1
FLORHAM PARK,1
Florissant,3
Florrisant,1
Flower Mound,2
Flushing,1
FLW,1
Fond Du Lac,1
Fontana,58
FONTANA,1
Ford,88
Fordoche,1
Forest Grove,1
Forest Hills,2
Forest Park,1
Foristell,1
Formoso,18
Forney,2
Forsyth,1
Fort Apache,1
Fort Atkinson,1
Fort Benning,6
FORT BENNING,1
Fort Bliss,2
Fort Bragg,10
Fort Campbell,4
Fort Carson,1
Fort Cavazos,1
Fort Collins,29
FORT COLLINS,1
Fort Defiance,1
Fort Dodge,7
FORT DODGE,1
Fort Drum,11
Fort Eustis,3
Fort Garland,1
Fort Gordon,2
Fort Hall,1
Fort Hood,8
fort irwin,1
Fort Irwin,5
Fort Johnson,1
Fort Knox,1
Fort Lauderdale,2
Fort Leanard Wood,1
Fort Leavenworth,9
Fort Lee,3
Fort Leonard Wo,1
Fort Leonard Wood,3
Fort Leonardwood,2
Fort Lewis,2
Fort Meade,7
FORT MILL,1
Fort Mitchell,1
Fort Moore,1
Fort Myer,1
Fort Myers,4
FORT MYERS,1
Fort Pierce,3
Fort Polk,3
FORT POLK,2
Fort Riley,137
FORT RILEY,3
Fort Rucker,4
Fort Scott,541
FORT SCOTT,2
Fort Sill,6
Fort Sill Ok,1
Fort Smith,3
FORT SMITH,2
Fort Stewart,5
Fort Wainwright,3
Fort Walton Beach,1
Fort Wayne,1
FORT WAYNE,1
Fort Worth,46
FORT WORTH,3
FortCollins,2
Forth Worth,2
Fountain,8
Fountain Hills,1
FOUNTAIN HLS,1
FOUNTAIN INN,1
fowler,1
Fowler,425
Fowlerville,1
Foxborough,1
Fpo,2
FPO,8
Fpo Aa,1
FPO AE,1
Fpo Ap,1
FPO AP,3
"Fpo, Ae",1
"Fpo, Ap",2
Framingham,1
France,1
Frankfort,32
Franklin,39
FRANKLIN,1
Franklin Spring,1
Fraser,1
Frederick,3
Fredericksbrg,1
Fredericktown,1
Fredonia,160
Fredricksburg,1
Freeland,1
Freeman,1
Freeport,15
FREEPORT,1
Fremont,2
FREMONT,1
Fresno,2
Frisco,5
FRISCO,2
Front Royal,2
Frontenac,141
FRONTENAC,1
Ft Belvoir,1
Ft Benning,2
Ft Bragg,2
Ft Carson,1
ft collins,2
Ft Dodge,4
Ft Huachuca,1
Ft Lauderdale,2
Ft Leavenworth,20
FT LEAVENWORTH,1
Ft Lee,1
Ft Leonard Wood,3
Ft Meade,1
Ft Myers,2
ft riley,1
Ft Riley,5
Ft Rucker,1
Ft Scott,7
Ft Worth,1
Ft. Belvoir,1
Ft. Benning,1
Ft. Bragg,1
Ft. Collins,1
Ft. Jackson,1
Ft. Knox,1
Ft. Leavenworth,19
Ft. Riley,1
Ft. Smith,1
Ft. Wayne,1
Ft. Worth,1
FULLERTON,1
Fulton,18
g,1
Gahanna,1
Gainesville,2
Gainsville,1
GAINSVILLE,1
Gaithersburg,1
Galeburg,1
Galena,296
Gales,1
Galesburg,89
Gallup,1
Galva,266
Gamer,1
Gar,1
Gard City,2
Garde City,1
Garden,2
Garden City,2180
Garden CIty,2
GARDEN CITY,1
Garden City Kansas,2
Garden Ctiy,1
Garden Plain,251
Gardencity,1
Gardner,175
GARDNER,11
Gardner Ks,2
Garfield,70
Garland,10
GARLAND,2
Garner,1
Garnett,185
GARNETT,2
Gas,158
Gas City,1
Gaylord,39
Gayville,1
Gem,22
Genda Springs,1
Genesco,1
Geneseo,88
Georgetown,2
Gereseo,1
Gering,1
Germantown,2
Geronimo,1
Gettysburg,1
Geuda Springs,46
Gibsonton,1
Gilbert,5
Gillette,3
GILMAN CITY,3
Girad,1
Girard,157
GIRARD,1
Glade,2
Gladstone,5
GLADSTONE,1
Glasco,115
Glassboro,1
Glen Burnie,2
Glen Dale,1
Glen Elder,70
Glendale,9
Glendo,1
GLENN HEIGHTS,1
Glenpool,1
GLENPOOL,2
Glenview,2
GLENVIEW,1
Glenwood,3
Gloucester,1
Goddard,468
Godley,1
Goesel,1
Goessel,301
Goff,46
Gold Canyon,2
Golden,9
Golden City,1
Golden Valley,1
Goldsboro,2
Goleta,1
Gonzales,1
Good,1
Goodland,348
Goodlettsville,1
Goodwell,5
GOODWELL,1
GOODYEAR,2
Goose Creek,3
Gorham,296
Goshen,7
Gothenburg,1
Gouverneur,1
Gove,79
Gr,1
Graham,3
Grain,1
Grain Valley,5
GRAIN VALLEY,3
Grainfield,213
GRAINFIELD,1
Granbury,2
Granby,4
Grand Forks,2
Grand Forks Afb,1
Grand Forks AFB,3
Grand Island,4
Grand Junction,4
Grand Lake,3
Grand Prairie,3
GRAND PRAIRIE,2
Grand Rapids,4
GRAND RAPIDS,1
"Grand Rapids, Mi",1
Grand Ridge,1
Grandbury,1
Grandview,11
GRANDVIEW,12
Grandview Plaza,2
Grandville,1
Granger,2
GRANITE FALLS,1
Grantville,60
Grapevine,1
GRAVETTE,1
Gravois Mills,3
GRAVOIS MILLS,6
Grayslake,2
Gre Bend,1
Grear Bend,1
Great Bend,524
Great Falls,5
Great Lakes,7
Greatbend,1
Greeley,182
Green,54
Green Bay,2
Green Cove Spgs,1
Green CV Spgs,1
Green Forest,1
Green Valley,7
"Green,",1
Greenbrier,2
Greenfield,2
Greenleaf,44
Greensboro,5
Greensburg,48
GREENSBURG,1
Greenvale,1
Greenville,5
GREENVILLE,1
Greenwich,4
Greenwood,6
GREENWOOD,5
Greenwood Villa,1
Grenola,63
Gresham,2
Gretna,3
GRETNA,1
Gridley,96
Grinnell,270
Groton,6
Grove,7
GROVE,1
Grove City,3
Groveland,1
Grovetown,3
GROVETOWN,1
Grton,1
Gunnison,4
Gurnee,2
Guthrie,2
Guymon,3
Gypsum,149
Hacienda Heights,1
Hackettstown,1
Haddam,22
Hagerstown,1
Haigler,1
Halethorpe,1
Halstead,65
HALSTEAD,1
Hamilton,205
Hampstead,1
Hampton,16
HAMPTON,1
Hanapepe,1
Hanford,3
Hanksville,1
Hannibal,2
HANNIBAL,1
Hanover,91
HANOVER,1
Hanscom Afb,1
Hanscom AFB,2
Hanston,68
HAPPY CAMP,1
Happy Valley,2
Hardtner,141
Hardy,9
Harker Heights,7
Harker Hts,1
Harlingen,2
Harper,115
Harrah,2
Harrisburg,3
Harrisonburg,3
harrisonville,1
Harrisonville,2
HARRISONVILLE,3
Harrisville,2
Hartford,93
HARTFORD,1
Hartville,1
Harvest,1
Harveyville,87
Haslet,1
HASLET,1
Hastings,7
Hattiesburg,1
HATTIESBURG,1
Haughton,1
Havana,64
Havelock,4
Haven,273
Haven Ks,3
Havensville,35
Havertown,1
Haviland,174
HaWARDEN,1
Hawthorne,1
Hayden,1
HAYDEN,2
Hayes,2
Hayesville,2
Hays,834
HAYS,1
Haysville,175
Hayward,1
Hazard,1
Hazelton,81
Headland,1
Healy,96
Hebron,1
Heizer,1
Helotes,2
Hempstead,1
Henderson,3
HENDERSON,1
Hendersonville,1
Hephzibah,1
Hepler,55
Herington,252
HERLONG,1
Hermiston,1
Hermitage,1
Hernando,1
Herndon,131
Herriman,1
Herrington,1
Hesston,131
Hiawat,2
Hiawatha,164
Hichory,1
Hicksville,1
higginsville,1
Higginsville,1
High Point,1
Highland,170
Highland Park,1
Highlands Ranch,3
Hightstown,1
Highwood,1
Hill Cit,1
Hill City,456
HILL CITY,1
HillCity,1
Hilliard,2
Hillsboro,106
Hillsdale,13
Hillsville,1
Hilo,2
Hinesville,3
HINSDALE,2
Hinton,1
Hobbs,1
Hoboken,5
Hobson,2
Hoffman Estates,1
Hogoton,1
Hoisington,135
Hoisinton,1
Hol,1
Holcomb,611
Holden,1
Holdredge,1
Holdrege,1
Holland,3
HOLLAND,1
Hollister,4
HoLLISTER,1
Holloman Afb,5
Holly,1
Hollywood,1
HOLLYWOOD,1
Holt,1
HOLT,2
Holton,178
Holy Cross,1
Holyrood,162
Home,4
Homer Glen,1
Homestead,2
Homewood,1
Hominy,1
Homosassa,1
Hong Kong,1
Honolulu,22
Hooker,2
Hookerton,1
Hope,136
HOPE,1
Hope Mills,1
Hopewell,1
Hopkins,1
Hopkinsville,1
Hopkinton,1
Hopland,1
Horace,12
Hordville,1
Hororn,1
Horseheads,1
Horton,109
HORTON,1
Hoschton,1
Hot Springs,3
Hot Sulphur Springs,1
Houghton,1
Houma,1
houston,1
Houston,49
HOUSTON,3
Howard,225
Hoxie,1239
Hoyt,153
Huber Heights,2
Hubert,2
HUBERT,1
Hudson,39
HUEYTOWN,1
HUGHESVILLE,1
Hugo,1
Hugoton,1296
HUMAROCK,2
Humboldr,1
Humboldt,86
Humbolt,1
Hume,1
Hunter,55
Huntington,3
Huntington Beach,1
Huntingtown,2
Huntsville,2
Huntsvillle,1
Hurlburt Field,3
Hurst,1
HUSTON,1
hutchinson,1
Hutchinson,750
HuTCHINSON,2
HUTCHINSON,3
Hutchinson Ks,3
Hyde Park,1
Ichita,1
Idaho Falls,2
Immokalee,1
Imperial,2
Imperial Beach,2
Independce,1
independence,1
Independence,410
INDEPENDENCE,68
Indialantic,1
Indianapolis,11
INDIANAPOLIS,4
Indianola,5
Ingalls,230
Inglewood,2
Ingram,1
Inman,488
INMAN,1
Inverness,1
Iola,503
IOLA,1
Iowa,2
Iowa City,12
IOWA FALLS,1
Ireland,1
Irmo,3
Irondale,1
Irons,1
IRONWOOD,1
Irvine,2
Irving,13
IRVING,7
Isabel,93
Isle,1
Issaquah,1
Ithaca,5
Iuka,58
Ivins,1
J Bphh,1
Jackson,5
Jacksonville,48
JACKSONVILLE,4
Jacksonville Be,1
Jamaica Plain,2
Jamestown,79
JAMESTOWN,1
Jamesville,1
Janesville,1
Japan,1
Jay,2
JAY,1
Jb Andrews,1
JB Andrews,4
Jb Mdl,1
JB MDL,1
Jbab,1
Jber,1
Jblm,7
Jbphh,1
Jbsa Lackland,2
JBSA Lackland,1
JEFFERSON,1
Jefferson City,7
JEFFERSON CITY,1
Jefferson Hills,1
Jeffersonville,1
Jenks,7
JENKS,1
Jennings,136
Jersey City,4
Jetmore,238
Jetmroe,1
Jewell,121
Johns Island,1
Johnson,912
JOHNSON,2
Johnson City,8
JOHNSON CITY,1
JOHNSTON,1
Johnstown,2
Joint Base Lewis McChord,1
Joint Base Mdl,2
Joint Base MDL,1
Joliet,1
Jonesboro,3
JONESBORO,1
Jonesville,1
joplin,3
Joplin,93
JOPLIN,4
Joppa,2
Junc City,1
Junct City,1
Junction,5
Junction City,592
Junction City Ks,1
Juncton City,1
Junv City,1
Kailua,6
Kailua Kona,1
KaISER,1
Kalaheo,1
Kalamazoo,2
Kaliua,1
Kalvesta,3
Kamas,1
KANAB,1
Kaneohe,7
Kaneohe Bay,1
Kanopolis,170
Kanorado,52
Kansa City,1
Kansas,3
kansas city,4
Kansas city,3
Kansas City,2726
Kansas CIty,4
KANSAS CITY,16
Kansas Coty,1
Kapolei,3
Kathleen,1
Katy,6
KATY,5
Kaufman,1
Kaw City,4
Kaysville,1
Kearney,16
KEARNEY,4
Kechi,179
Keesler Afb,1
Keller,3
Kelly,3
Kemah,1
Kendall,108
KENDALL,1
Kenilworth,1
Kenner,2
Kennesaw,4
Kenosha,2
Kensington,104
Kent,4
KENT,1
Kerrville,1
Ketchum,2
Ketzer,1
Kew Gardens,1
Key Largo,1
Key West,1
Keyes,1
Ki,1
KIDDER,1
Kihei,1
Kila,1
Kilauea,1
Kileen,1
Killeen,2
Kimberling City,4
Kimberling Cy,1
Kincaid,45
King City,1
King of Prussia,1
kingman,1
Kingman,1161
KINGMAN,2
Kings Point,3
Kingsdown,5
Kingsland,2
KINGSPORT,1
Kingston,1
Kingwood,1
kinsley,2
Kinsley,71
Kioiwa,1
Kiowa,701
KIOWA,1
Kirbyville,1
Kirkland,1
kirksville,1
Kirksville,15
Kirkwood,2
Kirwin,71
Kismet,178
Kissimmee,1
Kit Carson,1
Klamath Falls,1
Kng of Prussa,1
Knightdale,1
Knob Noster,5
Knoxville,6
KNOXVILLE,2
Kokomo,1
Kopperl,1
Krebs,1
Krems  Austria,1
ks,1
Ks,1
La Crosse,29
La cygne,1
La Cygne,263
La CYGNE,1
LA CYGNE,1
La Grange Park,1
La Grangeville,1
La Habra,3
La Harpe,25
La Jolla,1
La Junta,1
La Mesa,1
La Plata,1
La Pointe,1
La Quinta,5
La Salle,1
la valle,1
La Vista,1
Lacey,3
Laconia,1
Lacross,1
LaCross,1
Lacrosse,6
LaCrosse,381
Lacygne,63
Ladson,2
Lady Lake,1
Lafayette,9
LAFAYETTE,1
Lago Vista,1
Lagrange,1
LaGrange,1
LaGUNA HILLS,1
Laharpe,7
LaJunta,1
Lake Andes,1
Lake Charles,3
Lake City,66
Lake Elmo,1
Lake Elsinore,1
Lake Forest,1
Lake Forest Park,1
Lake Lotawana,2
Lake Oswego,1
Lake Panasoffke,2
Lake Quivira,4
Lake St Louis,2
Lake Villa,1
Lake Worth,3
Lake Worth Beach,1
Lakehurst,1
Lakeland,3
LAKELAND,1
Lakeside,1
Lakeview,1
Lakeville,1
Lakew,1
Lakeway,1
Lakewood,25
LAKEWOOD,1
Lakewood Ranch,1
LakeWOOD RCH,1
Lakim,1
Lakin,1589
LAKIN,5
Lakinield,1
LakSPUR,1
Lamant,1
Lamar,4
LAMAR,1
Lamoni,1
lamont,1
Lamont,12
Lampasas,1
Lampe,5
Lamsas,1
Lancaster,114
Lancaster Ks,3
Landers,1
Landover,1
Lane,45
Lanett,1
Langdon,1
Langley,1
Langley Afb,1
Langston,1
Lansing,254
LaNSING,1
LANSING,5
Lantana,1
Laporte,1
LaQuinta,1
Laramie,6
Laredo,2
LARKSPUR,1
larned,1
Larned,179
Las Animas,2
Las Cruces,1
Las Cuces,1
Las Vegas,19
Las VEGAS,1
LAS VEGAS,5
Lasalle,1
Latham,32
LATHROP,1
Latimer,1
Laughlin,1
Laurel,1
Laveen,1
Laverne,2
LaVista,2
Law,2
Lawerence,3
Lawernce,1
Lawre,1
Lawrence,1763
LaWRENCE,6
LAWRENCE,14
Lawrenceburg,1
Lawrencville,1
Lawton,11
LAWTON,1
Layton,3
LAYTON,1
Le,1
Le Claire,1
Le Grand,1
Le Roy,160
Leachville,1
Leadville,2
League City,3
Leaven,1
Leavenwirth,1
leavenworth,1
Leavenworth,643
LEAVENWORTH,20
Leavenworth Kan,1
Leavenworth.......,1
Leavenwoth,1
Leavewnorth,2
Leavonworth,1
Leavwnworth,1
Leawood,115
LEAWOOD,3
Lebanon,36
Lebo,298
LEBO,1
Leclaire,1
LeClaire,1
Lecompton,173
Ledyard,1
Lee's Summit,13
Lee Summit,2
Lees summit,1
Lees Summit,21
LeES SUMMIT,1
LEES SUMMIT,28
Lees Summot,1
Leesburg,1
Leessummit,1
Leesville,3
LEETON,2
Lehi,1
Lehigh,61
Lehigh Acres,2
Lemon Grove,1
Lemoore,3
Lemoore Nas,1
lenexa,1
Lenexa,350
LENEXA,39
Lenora,188
Lenox,1
Leon,219
Leona,1
Leonardville,133
Leonra,1
Leoti,542
Leroy,26
LeRoy,7
LEROY,3
Lesington,1
Levan,1
Levant,14
Lewis,133
LEWIS,1
Lewis McChord,2
Lewisham,1
Lewiston,1
Lewisville,4
LEWISVILLE,2
Lexington,16
LEXINGTON,1
Lexington Park,1
LEXINGTON PK,1
Libe,1
Libeal,1
Libera,1
Liberal,1062
LIBERAL,1
Liberal Ks,2
Liberty,101
LIBERTY,9
Liberty Hill,1
Libertyville,1
Librral,1
Liebenthal,11
"Liege, liege",1
LIINWOOD,1
Lilburn,1
Lillian,1
Lillington,1
Lima,2
Limon,2
Linbdsborg,1
Lincokn,1
Lincoln,513
LINCOLN,5
Lincolnton,1
Lincolnville,93
Linden,1
Lindenhurst,1
Lindsborg,175
Lindstrom,1
Linn,77
Linn Creek,1
LINN CREEK,1
Linn Valley,24
LINN VALLEY,2
LINO LAKES,1
Linwood,178
LINWOOD,3
Linwoood,1
Litchfield,2
Litchfield Park,1
LITTLE ELM,1
Little Falls,2
Little Riv,1
Little River,241
Little Rock,5
LITTLE ROCK,1
Little Rock Afb,1
Littleton,7
LITTLETON,3
Livermore,1
Livingston,8
LIVINGSTON,1
LK HAVASU CTY,1
Lk Nebagamon,1
Lockport,1
LOCKPORT,2
Locton,1
Locust Grove,1
Lodi,1
Logan,223
Logansport,1
Loganville,2
LOGANVILLE,2
Lohrville,1
Loma Linda,2
Lompoc,1
Lone jack,1
Lone Jack,2
Lone Tree,2
Long Beach,3
Long Island,26
Long Island Cit,1
Longford,43
Longmont,4
Longton,73
Longview,2
Longwood,1
LONGWOOD,1
Lonoke,1
Lookout Mtn,1
loraine,1
Lorena,3
Lorraine,4
Lorton,3
Los Alamos,2
Los Angeles,62
LOS ANGELES,3
Lost Springs,26
Loudon,1
Louis,1
Louisburg,764
LOUISBURG,1
Louisville,7
LOUISVILLE,1
Lousiburg,2
loveland,1
Loveland,5
LOVELAND,1
Lovington,1
Lubbock,12
Lucas,279
Ludell,106
Ludowici,3
Luke Afb,2
Lukeville,2
Luray,147
Lutz,1
Lynchburg,4
Lyndhurst,1
Lyndon,295
Lynn,2
Lynn Haven,1
Lynnwood,2
Lyons,200
MABLETON,1
Machias,1
Macksville,111
MacKsville,53
MacKsville Ks,1
Macomb,2
MacOmb,1
MACON,1
Madison,659
MADISON,2
Magnolia,3
Mahaska,9
Mahattan,2
Mahnattan,1
Mahomet,1
Maitland,1
Maize,326
Makawao,1
Malden,1
Malibu,3
Malvern,1
Mamaroneck,1
Man,1
MANASSAS,1
Manchester,4
Manh,2
Manha,3
Manhatta,1
manhattan,3
Manhattan,2242
MAnhattan,1
MANHATTAN,11
Manhattan Ks,3
Manhatten,6
Manhatton,1
Manitoba,1
Manitou Springs,1
Mankato,66
Manning,1
Manokotak,1
Manor,1
Mansfield,4
Manteca,1
Manter,122
Maple Hill,207
Maple Park,1
Mapleton,31
Maplewood,1
Marana,2
Marathon Key,2
Marbury,1
MARGATE,1
Maricopa,4
Marienthal,14
Marietta,3
Marion,125
Marlboro,1
Marlborough,1
Marquette,266
Marrieta,1
Marriottsville,1
Marshall,1
Marshalltown,1
MARTINSBURG,2
Maryland Heights,1
Marysville,129
Maryville,16
Mashpee,1
Massena,1
Matfield Green,10
Matthews,1
Maumelle,1
Maya Vista,1
Mayetta,150
MAYETTA,2
Mayfield,16
Maysville,1
MAYVIEW,1
Mazie,1
mc cook,1
Mc Cracken,1
Mc Cune,14
Mc Donald,9
Mc Farland,8
Mc Louth,242
McAlester,1
McAs Cherry Poi,1
McBh Kaneohe Bay,1
McChord Afb,1
McCleary,2
McCook,2
McCOOK,1
MCCOOK,1
McCool Jct,1
MCCORDSVILLE,2
Mccracken,1
McCracken,65
Mccune,53
McCune,42
McDonald,168
Mcfarland,79
McFarland,26
McHenry,1
McKenney,1
McKinney,6
McLean,1
Mclouth,7
McLouth,66
McPerson,1
McPherson,249
MCPHERSON,1
McPherson Ks,1
Me,1
Mead,2
Meade,1430
MECHANICSBURG,1
Medcine Ldg,1
Medford,4
Medical Lake,1
Medicine Ldg,1365
MEDICINE LDG,1
Medicine Lodge,67
MEDICINE LODGE,2
MEDINA,1
Medora,1
MEGARGEL,1
Melbourne,2
Melissa,1
Melvern,86
Memphis,17
Menifee,1
Menlo,9
Menlo Park,3
Menomonee Falls,1
Mequon,1
Mer,1
MERCEDES,1
Meri,1
Meriden,275
Meridew,1
Meridian,2
Merna,1
Merriam,27
MERRIAM,4
MERRILLVILLE,1
Mesa,16
MESA,3
Mesquite,1
MESQUITE,3
Metairie,4
Miami,13
MIAMI,6
Miami Beach,1
MIAMI BEACH,2
Middle River,1
Middleboro,2
Middleburg,2
MIDDLEBURG,1
Middlebury,3
Middlefield,1
Middleton,2
Middletown,2
Midland,7
Midlothian,2
Midway Park,1
Midwest City,3
MIDWEST CITY,1
Milan,1
Milbridge,1
Miles City,1
Milfod,1
Milford,223
MIlford,1
Mililani,4
Mill Creek,1
Millcreek,1
Millersville,1
Millington,2
Millville,1
Milton,37
Miltonvale,86
Milwaukee,10
MILWAUKEE,2
Mimbres,1
Minneapolis,146
MINNEAPOLIS,1
Minneola,589
MINNEOLA,2
Minnepolis,1
Minnetonka,1
Minot,4
Minot Afb,3
Miramar Beach,3
Mishawaka,1
MISHAWAKA,2
Mission,146
MiSSION,1
MISSION,41
Mission Hills,4
MISSION HILLS,1
Mission Viejo,2
Missoula,5
MISSOULA,2
Missouri City,3
Mitchell,1
Moab,1
Mobile,3
Mobridge,1
Modesto,1
Modoc,1
Moffat,1
Moline,114
Moncks Corner,1
Mongomery,1
Monroe,1
Monrovia,3
Monterey,8
Montery,1
Montevallo,2
Montevideo,1
Montezuma,411
Montgomery,4
Montverde,1
Moody Afb,1
Moore,9
MOORE,1
Moraga,1
Moran,75
Morgantown,5
MORGANTOWN,2
Morganville,64
Morland,115
Morrill,24
Morrilton,1
Morris,2
Morrison,2
Morrisville,1
Morrowville,44
Moscow,192
MOSCOW,1
Mound,1
Mound City,143
MOUND CITY,1
Mound Valley,87
Moundridge,353
MOUNDRIDGE,1
Mounds View,1
Mount Carmel,1
Mount E,1
Mount Holly,2
Mount Hope,222
Mount Hope Ks,1
Mount Juliet,1
Mount Pleasant,1
Mount Prospect,1
Mount Vernon,2
MOUNT VERNON,1
Mountain Home,5
Mountain View,2
Mountainair,2
Mountainhomeafb,1
Mt,1
Mt Carmel,1
Mt Hope,15
Mt. Hope,4
Mukwonago,1
Mul,1
Mulberry,83
MULBERRY,1
Mulbery,1
Muleshoe,1
Mullett Lake,1
Mullinville,85
Mulvane,162
MUNDELEIN,1
Munden,76
Murdo,1
Murdock,110
"Murdock,",6
Murfreesboro,2
MuRFREESBORO,1
MURFREESBORO,1
Murleta Riverside,1
Murphysboro,1
Murray,1
MURRAY,1
Murrieta,2
Muscotah,38
Muskogee,3
MuSKOGEE,1
Mustang,1
MUSTANG,1
Myrtle Creek,1
N Charleston,4
N CHESTERFLD,1
N Las Vegas,1
N Newton,3
N SALT LAKE,2
N. Charleston,1
N. Chesterfield,1
N. Montana Township,5
N/a,1
Napa,1
Naperville,4
Naples,8
NAPLES,1
Narka,58
Narvik,1
NAS JRB,1
Nashbille,1
NASHUA,2
Nashville,141
NASHVILLE,2
Natchitoches,1
National City,1
Natoma,72
Navarre,1
Neal,35
Needham,1
Nekoma,3
Nellis Afb,1
Neodesha,165
Neosho,8
NEOSHO,2
Neosho Falls,2
Neosho Rapids,56
Ness City,185
Netawaka,8
Nevada,4
New Albany,1
New Almelo,14
New Bern,4
New Blaine,2
New Brunswick,1
New Cambria,27
New Century,1
New Haven,7
New Lisbon,1
New Market,2
New Orleans,22
NEW ORLEANS,1
New Palestine,2
New Port Richey,1
New Smyrna,1
New Smyrna Beach,1
New Strawn,22
New Town,1
New Windsor,1
New York,103
New YORK,1
New York City,10
Newalla,1
Newark,3
Newberg,2
Newbern,1
Newberry Springs,1
Newburgh,1
Newbury Park,1
Newcastle,1
Newhall,1
Newkirk,2
Newport,5
Newport Beach,5
NEWPORT BEACH,1
Newport News,5
Newton,211
NEWTON,1
Newton Center,1
Nibley,1
Niceville,2
Nicholasville,1
Nickerson,200
Nickerson Ks,40
Niles,1
Niotaze,67
Nixa,3
NIXA,3
NOBLE,1
Nor,1
Nora Springs,1
Norcatur,148
Norcross,1
NORCROSS,1
Norfolk,26
NORFOLK,1
Normal,3
Norman,51
NORRIDGEWOCK,2
North Beach,2
North Bend,1
NORTH BERWICK,2
North Bethesda,1
North Canton,1
North Charlesto,1
North Charleston,1
North Chesterfield,1
North Chicago,2
North Hampton,1
North Hollywood,5
North Jackson,1
North Kansas City,1
North Kingstown,1
North Las Vegas,3
NORTH LAS VEGAS,1
North MANCHESTR,1
North Newton,252
North Platte,2
North Pole,1
North Richland,1
North Salt Lake,2
Northampton,1
Northfield,7
NorthPlatte,2
Northridge,1
Nortno,2
Norton,1225
NORTON,1
Nortonville,151
Norwalk,1
Norway,5
NORWAY,2
Norwich,286
Notre Dame,18
Nottingham,1
Nowata,3
NOWATA,1
NSB Silverdale,1
NSW Australia,1
O'Fallon,2
O Fallen,1
O Fallon,2
Oak Creek,1
Oak Grove,4
Oak GROVE,1
OAK GROVE,2
Oak Harbor,11
OAK HARBOR,1
Oak Park,2
Oakdale,4
Oakland,3
Oakley,164
Oberlin,447
OBERLIN,2
Ocala,1
Occoquan,1
Ocean Side,1
Oceana,1
Oceanside,20
OCEANSIDE,1
Odenton,1
Odessa,5
ODESSA,1
Offerle,6
Offutt A F B,1
Offutt Afb,3
Offutt AFB,1
Ogallah,1
Ogde,1
Ogden,738
Oilton,2
Okc,1
Oketo,23
Oklahoma,3
Oklahoma City,50
OKLAHOMA CITY,5
Olathe,632
OLATHE,37
Old Town,1
Olmitz,47
Olpe,206
Olsburg,127
Olsburg Kansas,1
Olympia,3
Olympia Fields,1
omaha,1
Omaha,89
OMAHA,13
Onaga,194
Oneida,4
Oneill,1
Oneonta,1
OOLOGAH,1
Opelika,1
OPELIKA,1
Opo,1
Opolis,72
OPOLIS,1
Orange,3
Orange City,2
ORE CITY,1
Orem,8
Orlando,11
ORLANDO,1
Orleans,2
Oro Valley,1
Orono,1
Oronogo,2
Oroville,1
Orrick,1
ORRICK,2
Os,1
Osage,1
Osage Beach,2
Osage City,159
Osage Coty,2
Osawatmie,1
Osawatomie,499
Osborne,95
OSCEOLA,1
Oshkosh,1
Oskaloosa,280
OSKALOOSA,1
Oswego,67
Otis,164
OTIS,1
Ottawa,352
OTTAWA,2
Overaland Park,1
Overbrook,264
Overland,3
Overland Park,1131
OVERLAND PARK,67
Oviedo,3
Owasso,8
OWASSO,1
Owens,1
Owensboro,2
OWENSVILLE,1
Oxford,473
Oxnard,3
Ozark,6
OZARK,2
Ozawkie,73
Pacific Grove,3
Pactrick Afb,1
Page,1
PAHOA,2
PAHRUMP,1
Palco,155
Palisade,1
PALM BCH GDNS,1
Palm Beach Gardens,1
PALM COAST,1
Palm Desert,1
Palm Harbor,1
PALM HARBOR,1
Palm Springs,1
Palmer,34
PALMER,1
Palmerton,1
Palmetto,1
Palmyra,1
Palo Alto,3
Palo Pinto,1
Palos Park,1
Pampa,1
PAMPA,2
Panama City,2
PANAMA CITY,4
Paola,858
Papillion,6
Paradise,58
Paradise Valley,1
Parairie Village,1
Paraons,1
Paris,1
Park,34
Park City,26
Park Forest,1
Park Hill,1
Park Ridge,1
Parkcity,1
Parker,61
Parkerfield,2
Parkton,1
Parkville,15
PARKVILLE,7
Parlin,1
PARLIN,1
Parry,1
Pars,1
Parsons,297
PARSONS,2
Part,1
Partridge,80
Partridge Ks,3
Pasadena,2
Patterson,1
Pauline,2
Pawnee City,1
Pawnee Rock,126
Paxicio,1
Paxico,126
PAXICO,1
Payson,1
Payton,1
Pea Ridge,1
Peabody,71
Peachtree Corners,1
Pearcy,1
Pearl City,5
Pearland,3
PEARLAND,2
Pechtree city,1
Peck,101
Peculiar,5
PECULIAR,4
Pella,1
Pemberton,1
Pembroke Pines,1
Penalosa,18
Pennsville,1
Penokee,48
Pensacol,1
Pensacola,10
PENSACOLA,2
Peoria,5
Peotone,1
Perry,359
PERRY,1
Perryton,1
Peru,71
Petaluma,1
Peyton,3
Pfeifer,7
Pflugerville,3
Phenix City,2
Pheonix,2
Philadelphia,9
PHILADELPHIA,1
Philidelphia,1
Phillipsburg,176
Phillipsburh,1
Phoenix,29
PHOENIX,7
Phoenixville,1
Phoneix,1
Picacho,1
PICKERINGTON,1
Pickville,1
Piedmont,44
Pierce City,1
PIERCE CITY,1
Pierceville,10
Pierre,3
Pikesville,1
Pilot Point,1
Pinceton,1
PINCKNEYVILLE,1
Pine Grove,2
Pinedale,1
Pinehurst,1
Pinellas Park,1
Pineville,1
Pingree Grove,1
Pinnacle,1
Pinon,1
Piqua,4
Pitsburg,1
Pittburg,1
Pittburgh,1
Pitts,2
pittsburg,1
Pittsburg,768
PITTSBURG,2
"Pittsburg,",2
Pittsburgh,12
Pittsfield,1
Plainfield,1
Plains,765
Plainsboro,1
Plainview,1
Plainville,120
PLAINVILLE,1
Plano,6
Plaquemine,1
Plato,1
Platte City,11
PLATTE CITY,6
PLATTSBURG,2
Plattsmouth,1
Pleasant Grove,1
Pleasant Hill,2
PLEASANT HILL,1
PLEASANT VALLEY,1
Pleasant View,1
Pleasant Vly,1
PLEASANT VLY,1
Pleasanton,314
Plevna,8
Plymouth,1
Pocatello,2
POINT,1
Point Lookout,10
Polo,1
POLO,2
Pomona,113
POMONA,1
Ponca,1
Ponca City,6
Ponco City,1
Ponte Vedra Bea,1
Pooler,5
Pope Army Airfield,1
POPLAR BLUFF,1
Poquoson,1
Port Angeles,1
Port Aransas,2
Port Bolivar,1
Port Charlotte,2
Port Hueneme,1
Port Orange,2
Port Orchard,4
Port Royal,1
PORT ST LUCIE,1
Port Townsend,1
Portage,1
Porte Vedva Beach,1
Portis,58
Portland,25
PORTLAND,3
Portsmouth,10
Post Falls,1
Potter,1
Pottstown,2
Potwin,155
Poughkeepsie,1
POUGHKEEPSIE,1
Poway,2
Powell,1
Powhattan,37
Praire Village,1
Prairie,2
Prairie Grove,1
Prairie View,35
PRAIRIE VIEW,1
Prairie Village,134
PRAIRIE VILLAGE,6
"Prairie Village, Ks",1
Prairieville,1
Prarie Village,1
Pratt,287
PRATT,1
Prescott,47
PRESCOTT VALLEY,1
Prest,1
Preston,6
Pretty Praire,1
Pretty Prairie,232
Prewitt,1
Priarieville,1
Prince George,1
Princeton,117
PRINCETON,2
"Princeton, Ks",1
Prineville,1
Prior Lake,1
Prir Lake,1
Prosper,2
Protection,393
PROTECTION,1
Providence,12
Provo,31
PROVO,2
Pryor,5
Pt pleasant,1
Pt Pleasant,1
Pueblo,5
Punta Gorda,1
Purcell,1
Purchase,2
Puyallup,2
Quantico,6
Quapaw,7
QUAPAW,4
quartsite,1
Queen Creek,2
Quemado,1
Quenemo,141
Quincy,6
Quinlan,2
Quinter,322
QUINTON,1
Racine,1
RACINE,1
Radcliff,1
Radium,5
Rago,49
Rainier,2
Raleigh,4
RALEIGH,1
Ramona,34
Rancho Cucamonga,2
Rancho Santa Fe,1
Randall,12
Randolph,53
Ransom,113
Ranto,1
Rantoul,75
Rapid City,5
RAPID CITY,2
RapidCity,1
Rathdrum,2
RATON,1
RAWLINGS,2
Raymond,41
Raymore,7
RAYMORE,6
Raynesford,1
Raytown,17
RAYTOWN,18
RAYVILLE,2
Reading,41
Readlyn,2
Red Oak,1
RED OAK,2
Red River,1
Redding,1
Redfield,43
Redlands,1
Redmond,2
Redondo Beach,1
Redwood City,1
Redwood Falls,1
Reedley,1
Reeds Spring,1
Reedsburg,1
Reinbeck,1
Remus,1
Reno,3
Renton,2
Republic,86
Reseda,1
REVERE,1
Rexburg,9
REXBURG,1
Rexford,156
REYNOLDSBURG,3
RHINELANDER,1
Richamond,1
Richardson,4
RICHARDSON,1
Richfield,101
Richlands,1
Richmond,149
RICHMOND,6
Richmond Height,1
Richmond Heights,1
Richmond Hill,2
RICHMOND HILL,1
Richmons,1
Richond,1
Ridgecrest,1
Ridgedale,1
RIDGEDALE,1
Ridgefield,2
Riley,134
Ringwood,2
Rio Hondo,1
Rio Rancho,4
RIO RANCHO,1
Ripon,1
Riva,1
Riverbank,1
Riverdale,1
Riverside,3
RIVERSIDE,7
Riverton,229
Riveton,1
Robbinsville,1
Robinson,90
Rochester,14
Rociada,2
Rock,6
ROCK PORT,2
Rockford,1
ROckford,1
ROCKFORD,1
Rocklin,1
ROCKLIN,1
Rockport,1
Rockvale,1
Rockville,2
ROCKVILLE,1
Roeland Park,27
ROELAND PARK,10
Rogers,6
ROGERSVILLE,1
Roi-Namur,1
Rolla,407
Rome,1
ROME,1
Romeoville,4
Roosevelt,1
Rosalia,86
Rosamond,1
Roscommon,1
Rose Hill,361
"Rose Hill, Ks",1
ROSEBURG,1
Rosehill,3
Rosemount,1
Roseville,2
ROSEVILLE,1
Rosharon,2
Roslindale,1
Rossville,292
Round Rock,1
ROUND ROCK,2
RoundRock,1
Rowlett,1
Roxbury,24
Roy,2
Royal Palmbeach,1
Royse City,2
Rozel,80
Ruidoso,1
Rumford,1
Rusell,3
Rush Center,45
Rush Springs,1
Rushford,1
Rushville,1
Russel,2
Russell,2455
RUSSELL,1
Russelll,2
RUSSELLVILLE,2
Ruston,1
S Coffeyville,3
S Hutchinson,10
S Sioux City,1
Sabetha,103
Sablette,1
Sachse,1
Saco,1
Sacramento,3
SACRAMENTO,2
Saegertown,1
Safford,1
Saginaw,2
SAINT CHARLES,1
Saint Cloud,2
Saint Francis,100
Saint George,87
Saint John,14
Saint Joseph,13
SAINT JOSEPH,5
Saint Louis,18
SAINT LOUIS,2
Saint Mary's,1
Saint Marys,48
Saint Paul,36
SAINT PAUL,3
Saint Peters,1
SAINT PETERS,2
Saint Petersburg,1
Saint Robert,4
Salado,1
Salem,8
Salida,1
Salina,625
SALINA,4
Salinas,4
Sallisaw,1
Salt Lake City,8
SALT LAKE CITY,3
San Angelo,5
San Antonio,43
SAN ANTONIO,10
San Clemente,1
San Diego,62
SAN DIEGO,2
San Fancisco,1
SAN FELIPE,1
San Francisco,12
SAN FRANCISCO,1
San Jose,3
San Juan,1
San Luis Obispo,3
SAN MARCO,1
San Marcos,3
SAN MARCOS,1
San Rafael,1
San Tan Valley,2
San Ysidro,2
Sandiego,1
SANDSTON,1
Sandy,1
Sandy Springs,1
Sanford,5
SANFORD,3
Sanibel,1
Sant Joseph,1
SANTA ANA,1
Santa Barbara,2
Santa Clara,5
Santa Clarita,4
Santa Fe,3
Santa Paula,2
Santa Rosa,1
Santa Rosa Beach,1
Santana,1
Santaquin,1
Sante Fe,1
Santee,1
Sapulpa,2
Saranac,1
Saranac Lake,1
Saranta,1
Sarasota,2
SARASOTA,2
Saratoga Spring,1
Sarcoxie,1
Sargent,1
Sargents,2
Satana,1
Satanta,859
SATANTA,1
Satata,1
Satatna,1
Satellite Beach,1
SATSUMA,1
SAUK RAPIDS,2
Sault Ste Marie,2
Sautee Nacoochee,1
Savage,1
Savannah,17
Savonburg,3
Sawyer,50
SAYRE,1
Scammon,121
Scandia,196
Scarborough,3
Schaumburg,1
Schertz,2
Schoenchen,72
Schuylkill Haven,1
Scio,2
Scott,1
Scott Afb,6
Scott AFB,2
Scott Air Force Base,1
Scott City,278
Scottsbluff,1
Scottsdale,4
SCOTTSDALE,2
Scottsville,1
Scranton,68
Scurry,1
Seabeck,1
Seabrook,1
Seal Beach,1
Searcy,3
Seaside,1
Seattle,32
Sedalia,6
SEDALIA,1
Sedan,116
Sedgwick,335
Seea,1
Seguin,1
Seiling,1
Selden,325
Select City,2
Seminole,1
Semmes,1
Seneca,101
Seneca Ks,1
Sequim,1
Severance,1
Severn,1
Severy,188
Sevierville,1
Seward,9
Sewickley,1
Seymore,1
Shady Spring,1
Shakopee,1
Shanghai China,1
Sharon,251
SHARON,1
Sharon Spgs,12
Sharon Springs,343
Sharpsville,1
Shaw Afb,3
Shaw AFB,1
Shawnee,388
SHAWNEE,44
Shawnee Misison,1
Shawnee Mission,184
Shawnee Msn,2
Shawnees,1
Sheffield,1
Shelby,1
Shelby TWp,1
Sheldon,1
Shell Knob,5
Shelton,2
Sheppard Afb,2
Sherburn,4
Sheridan,2
SHERMAN,1
Sherman Oaks,6
SHERWOOD,1
Shiner,1
Shoreham,1
Shorewood,1
Shoshoni,1
Shreveport,4
Shubuta,1
Sierra Madre,1
Sierra Vista,3
SIERRA VISTA,2
Siloam Spgs,1
Siloam Springs,22
SILOAM SPRINGS,1
Silt,1
Silver Lake,163
SILVER LAKE,1
Silver Spring,3
Silverdale,2
Silverhill,1
Silverlake,3
SILVERTHORNE,1
Silverton,2
Simi Valley,1
Simpson,35
Singapore,1
Sioux Center,4
Sioux City,4
Sioux Falls,4
Sitka,1
SJAFB,1
Skiatook,3
Slidell,1
Sloan Springs,1
Smith Center,63
Smithtown,1
Smithville,3
SMITHVILLE,3
Smolan,3
Sneads Ferry,5
Snell Knob,1
Snellville,1
So. Euclid,1
Solana Beach,1
Soldier,13
Solomon,189
Solon,2
Somerset,3
SOMERSET,1
SOMERTON,1
Somerville,6
South Bend,10
South Burlington,1
South Euclid,1
South Fork,4
South Hadley,2
South Haven,200
South Hutch,1
South Hutchinso,1
South Hutchinson,7
South Padre Island,2
Southern Pines,1
Southport,1
Spanaway,1
Spanish Fort,2
Sparks,1
Sparta,2
Spartanburg,1
Spartenburg,1
Spearville,326
Sperry,2
Spicer,1
Spingfield,1
Spirit Lake,1
Spivey,71
SPIVEY,1
Splendora,1
Spokane,8
Spotsylvania,1
Spring,4
Spring Hill,333
SPRING HILL,6
Spring Lake,8
Spring Valley,2
Springdale,6
SPRINGDALE,1
Springerville,1
Springfield,68
SPRINGFIELD,6
Springhill,1
St Augustine,2
St Augustine Beach,1
St Charles,4
ST CHARLES,1
St City,1
St Cloud,1
ST CLR SHORES,1
St Francis,623
St George,181
St John,122
St Joseph,5
ST JOSEPH,1
St Leo,1
St Louis,28
St marys,1
St Marys,207
St Paul,134
St Peter,1
St Petersburg,1
ST PETERSBURG,1
St Thomas,1
ST. CLAIR SHORES,1
St. Cloud,1
St. Francis,369
St. Geor,1
St. George,11
St. John,3
St. Joseph,5
St. Louis,30
ST. LOUIS,2
"St. Louis,",1
St. Marys,10
St. Paul,9
St. Robert,2
St.francis,1
St.george,2
St.john,1
St.marys,1
Stafford,104
STAFFORD,1
Stafford Va,1
Stamford,2
Stanford,7
Stanley,6
Stanton,1
Stark,27
State College,2
State University,1
State Univrsity,1
Staten Island,2
Statesville,1
Steamboat Spr,1
Steamboat Springs,2
Stedman,2
Stephenville,1
Sterling,159
Sterling City,1
Sterling Heights,1
Steubenville,1
Stevens Point,1
Still Water,1
Stillwater,52
Stillwell,7
STILLWELL,1
Stilwell,93
STILWELL,1
STITES,1
Stockbridge,1
Stocktom,1
Stockton,109
Stone Mtn,1
STONE MTN,1
Stone Mtn.,1
Stony Brook,2
Stoughton,1
Stow,1
Stratton,4
Strong City,179
STRONG CITY,2
STUART,1
Stuarts Draft,1
Studio City,1
Studley,3
Stuttgart,6
Sublett,1
Sublette,1225
Subllette,1
Subltte,2
Suffolk,5
Sugar Creek,1
SUGAR CREEK,1
SUGAR GROVE,1
Sugar Land,2
Suglarland,1
Sulphur springs,1
Summerfield,49
Summers,1
SUMMERS,2
Summerville,2
Sumter,2
Sun City,49
Sun City West,1
Sundance,2
Sunny Isles Bea,1
Sunrise,1
Sunrise Beach,7
Superior,30
Surpai,1
Surprise,5
SURPRISE,1
Susank,1
Sutton,1
Swan Quarter,1
Swannanoa,1
Swansea,2
Swarthmore,1
Sycamore,70
SYCAMORE,1
Sylvan Grove,178
Sylvester,1
Sylvia,106
Syracue,1
Syracuse,1139
Syracuse Ks,1
"Syracuse,",1
T12TD4E,1
Tacoma,9
TACOMA,1
Tahlequah,4
Takoma Park,1
Talihina,1
Tallahassee,6
Talmage,49
Tamarac,1
Tampa,42
TAMPA,2
Tarawa Terrace,2
Taylorsville,1
Taylorville,1
Tecumseh,43
TECUMSEH,2
Teleford,1
Telford,1
Temecula,5
Temequla,1
Tempe,12
Temple,5
TEMPLE,3
Temple Terr,1
Terre Haute,6
TERRE HAUTE,1
Tescott,73
Thayer,102
Thayne,2
The Bronx,1
The Colony,3
THE COLONY,1
The Villages,2
The Woodlands,1
Thornton,3
Thousand Oaks,1
Timken,10
Timnath,1
Tinley Park,1
Tipton,118
Tishomingo,1
Tokepa,1
Tokio,1
Toledo,1
Tom Bean,1
Tomball,2
TOMBALL,1
Tonganoxie,547
TONGANOXIE,13
Tongaxoxie,1
Topeka,1429
TOPEKA,21
Topeka Ks,1
Topkea,3
TORNILLO,4
Toronto,80
Towanda,403
Townshend,1
TRACY,1
Traskwood,1
Travis Afb,3
Travis AFB,1
Trenton,8
Tri,1
Triangle,1
Tribune,842
Trinity,1
Troy,318
Tubac,1
Tucker,1
Tucson,29
TUCSON,2
TUKWILA,1
tulsa,1
Tulsa,54
Tumwater,1
TUPELO,2
Turlock,1
TURNEY,1
Turon,170
Turpin,6
Tuscaloosa,12
Tuscon,1
Twenty Nine Pal,1
Twenty Nine Palms,1
Twentynin Plm,1
Twentynine Palms,1
Twin lakes,1
Twinsburg,1
Tyler,2
Tyro,118
Tyrone,2
Udall,88
UK,1
Ukiah,1
Ulysses,465
UMATILLA,1
Union,2
Union City,1
UNION CITY,1
Uniontown,107
United Kingdom,1
Universal City,1
University,1
University City,3
University Park,1
University Place,1
Upland,1
UPLAND,2
Upper Marlboro,1
Urbana,6
Urbandale,1
URICH,1
Usaf Academy,7
USAF Academy,3
Utica,86
Vacaville,5
Vail,1
Valdosta,5
Valencia,1
VALLE DE ORO,1
Vallejo,1
Valley Center,149
VALLEY CITY,1
Valley Falls,100
Valley Mills,2
Valley Village,3
Van Buren,1
Van Nuys,2
vancouver,1
Vancouver,1
varna,1
Vashon,1
Vassar,49
Venice,1
Ventura,4
Vermilliom,1
Vermillion,18
Vero Beach,3
Verona,1
VERSAILLES,2
Vestavia,1
Vichy,1
Victor,2
Victoria,328
Victorville,2
Vienna,3
Village Loch Loyd,1
Villanova,2
Vilonia,1
Vine Grove,4
Vinita,2
VINITA,2
Viola,46
virgil,3
Virgil,78
Virginia Bch,1
Virginia Beach,33
VISALIA,2
Vista,2
Vliets,1
W Bloomfield,1
Wa Keeney,55
Waco,26
WACO,1
Wade,1
Wadmalaw Island,1
Wahiawa,13
Waialua,2
Waianae,1
Wailuku,1
Waipahu,2
Wakarusa,17
Wakeeney,45
"Wakeeney, Kansas",1
Wakefield,234
WAKEFIELD,1
Walden,1
Waldo,35
Waldport,1
Waldron,1
Walker,3
Walla Walla,2
Wallace,4
Wallingford,1
Walls,1
Walnut,43
walsh,1
Walsh,2
Waltham,2
Walton,133
Wamego,715
WaMEGO,1
Wamgeo,1
Wann,1
Warm Springs,1
Warner Ribons,1
Warner Robins,1
Warners,1
Warrens,1
Warrensburg,23
WARRENSBURG,1
Warrenville,2
Warsaw,5
WARSAW,9
Washingon,1
Washington,110
WASHINGTON,2
Washington D. C,1
Washington Dc,2
washington grove,1
Washington Grove,1
"Washington, Dc",1
Wasilla,1
WASILLA,2
Wasington,1
Watauga,1
Waterford,1
Waterloo,3
Watertown,4
WATERTOWN,1
"Watertown, Ny",1
Waterville,218
Watford City,1
Wathena,483
WATKINSVILLE,2
Waukee,1
Waukegan,1
Waukesha,2
Waverly,169
WAVERLY,1
Waxahachie,4
Wayne,3
Waynesboro,1
Waynoka,1
WEATHERBY,1
Weatherby Lake,1
Weatherford,4
Weaverville,2
Webb City,16
Webber,8
WEBBER,1
Webster,3
Webster Groves,2
Weehawken,1
Weir,211
Weiser,1
Welch,1
Welda,63
Wellesley,2
Wellesley Hills,1
Welling,1
Wellington,430
Wells,1
Wellsville,301
Wellsvlle,1
Wellville,1
Wenham,1
Wentzville,1
Wernersville,1
Weskan,31
Weslaco,4
Wesley Chapel,1
West Bloomfield,1
WEST BRANCH,1
West Des Moines,1
WEST DES MOINES,2
West Fargo,1
West Fork,1
West Glacier,4
West Grove,1
West Hartford,2
West Hollywood,4
West Jordan,1
West Lafayette,19
West Memphis,1
West Mineral,123
West Orange,1
West Palm Beach,1
WEST PALM BEACH,1
West Plains,1
West point,1
West Point,10
West River,1
westcliffe,1
Westcliffe,3
Westerville,1
Westfall,4
Westminster,6
Westmoreland,327
Weston,1
WESTON,1
Westphalia,34
Westport,2
Westwood,7
WESTWOOD,1
Westwood Hills,1
Wetmoe,1
Wetmore,88
Wetumpka,2
Wharton,1
Wheat Ridge,3
WHEATLAND,1
Wheaton,5
Wheatridge,2
Wheeler,10
Wheeling,1
Whichita,1
White City,473
WHITE CITY,1
White Cloud,57
White Hall,1
White Sulphur Spgs,1
Whiteman Afb,2
Whitesboro,1
Whitewater,237
Whiting,50
Whitmore Lake,1
Whittier,1
Wichiat,1
wichita,2
Wichita,3632
WICHITA,12
Wichita Falls,2
"Wichita, Ks",1
Wichta,2
Wichtia,1
WICKENBURG,1
Wilburton,1
Wildesood Crest,1
Wildwood Crest,1
Wilkes Barre,1
Willamsburg,1
Willard,3
Williams Bay,1
Williamsburg,157
WILLIAMSBURG,2
WILLIAMSVILLE,1
Willilamstown,1
Willington,1
Willow,1
Wilmington,7
Wilmont,1
Wilmore,78
Wilmot,1
Wilsey,153
Wilson,387
WILSON,1
Wilsonville,3
WILSONVILLE,1
Winamac,1
Winchester,166
Windom,57
Windsor,1
WINDSOR,2
Windsor Heights,1
Winfield,269
Winnebago,2
Winnemucca,2
Winnetka,1
Winnett,1
Winnsboro,1
Winona,149
Winston-Salem,4
Winter Garden,3
Winter Haven,1
Winter Park,2
WINTER PARK,2
Winter Springs,1
Winton,1
Witchia,1
Wood River,1
Woodbine,109
Woodbridge,6
WOODGULL,1
WOODLAND,2
Woodland Hills,2
Woodrow,1
Woodside,3
WOODSIDE,1
Woodstock,2
Woodston,14
Woodward,3
Woonsocket,1
Wooster,1
"Worcester,",1
WORCHESTER,1
Worsaw,1
Wright,83
WYANDOTTE,1
WYLIE,1
Wymore,4
Wyncote,1
Xen,1
Xenia,1
Yachats,2
Yarnell,1
Yates Center,91
Ye,1
Yelm,2
Yigo,2
Yoder,47
york,1
York,3
Yorktown,2
Ypsilanti,3
Yuba City,3
Yucca Valley,2
Yukon,10
YUKON,3
Yuma,11
YUMA,1
Zenda,77
Zephyrhills,1
ZEPHYRHILLS,1
Zion,1
Zurich,5
