precinct_text_name,Count
01,4
0102,1259
0103,306
0104,133
0105,1092
0106,2406
0107,2047
0108,1375
0109,1543
0110,1923
0111,472
0112,1810
0113,1751
0114,1643
0116,2148
0117,1814
0118,1920
0119,1631
0120,1625
0121,1258
0122,2718
0123,382
0126,372
0127,33
0128,1443
0129,561
0130,1106
0133,47
0135,442
0136,857
0137,1555
0138,1918
02,1512
0205,859
0206,638
0207,3156
0208,611
0209,1750
0210,2323
0211,933
0214,1966
0215,2881
0216,1551
0217,1922
0218,3325
0221,1175
0222,1145
0223,1765
0224,3351
0225,3618
0226,2216
0227,1505
0228,2555
0230,90
0233,811
0235,571
0236,1099
0238,217
0239,98
0240,339
0241,183
0242,334
0243,54
0245,5
0246,242
0247,444
0248,51
0249,1577
0250,746
0251,664
0252,746
0257,1
03,2
0301,984
0302,2036
0303,1031
0304,851
0305,474
0306,2243
0307,1542
0308,1787
0309,178
0310,1923
0312,909
0313,2424
0314,2085
0315,1816
0316,1155
0317,21
0318,245
0319,564
0320,686
0321,85
0324,939
0325,1150
0326,182
0328,134
0330,1593
0331,381
0332,850
0333,1170
0334,832
0335,663
0336,268
0339,1949
04,1366
0401,1091
0402,834
0403,1015
0404,2613
0405,1518
0406,1649
0407,212
0408,1732
0409,944
0410,2187
0411,1
0412,3561
0413,2426
0414,916
0416,1164
0417,1322
0418,1809
0419,1249
0420,1693
0422,1165
0423,1674
0424,813
0425,2540
0426,199
0429,988
0431,22
0433,733
0434,2
0437,965
0439,6
0444,151
0445,746
0446,231
0447,295
0448,125
0449,635
05,1721
0503,2356
0504,1594
0506,2025
0507,1843
0508,1681
0509,1617
0510,1982
0512,4082
0513,1818
0514,2416
0515,2025
0516,1230
0517,1261
0518,1583
0519,1836
0522,1564
0523,1542
0524,2421
0525,1832
0526,2046
0527,2037
0528,2
0530,1972
0531,2768
0534,233
0539,1805
0541,3
0544,186
0545,715
0552,1
06,1019
0601,2688
0602,2365
0603,662
0604,2150
0605,814
0606,726
0607,2018
0608,1822
0609,2545
0610,1743
0611,1252
0612,2213
0613,1813
0614,1198
0615,3098
0616,1439
0617,1001
0618,736
0619,1830
0621,574
0622,2107
0623,2086
0624,210
0626,18
0627,124
0629,55
0630,4
0632,765
0633,819
0634,301
07,1869
08,652
09,2602
1 Pct 1 Ward,836
1 Pct 2 Ward,737
1 Pct 3 Ward,1008
1 Pct 4 Ward,643
1 Pct 5 Ward,832
1 Pct 6 Ward,990
1 Pct 7 Ward,480
10,1636
11,954
12,99
13,299
14,942
15,1454
16,1307
17,2432
18,215
19,1293
1st Ward Exclave Colonial,15
1st Ward Exclave Halls,20
2 Pct 2 Ward H40,458
2 Pct 2 Ward H41,141
2 Pct 5 Ward,660
2 Pct 6 Ward H38,342
2 Pct 6 Ward H40,451
2 Pct 7 Ward,2442
20,1724
21,356
22,490
23,1347
24,1853
25,1256
26,409
27,164
28,4
29,158
3 Pct 2 Ward,956
3 Pct 5 Ward,1207
3 Pct 6 Ward,752
3 Pct 7 Ward H38,1290
3 Pct 7 Ward H40,1755
30,1557
4 Pct 5 Ward,758
4 Pct 6 Ward H38,428
4 Pct 6 Ward H41,989
5 Pct 6 Ward,1270
AB City  W1 USD435,734
AB City W2 USD435,1081
AB City W3 USD435,690
AB City W4 P1 USD435,885
AB City W4 P2 USD435,1053
Abbyville 72,58
AC 1A,297
AC 1AA,1
AC 1AB,26
AC 1B,316
AC 1C,484
AC 1D,384
AC 2A,534
AC 2AX,2
AC 2B1,293
AC 2B2,135
AC 2C,88
AC 2D,120
AC 3A,156
AC 3B,253
AC 3C,197
AC 4A,454
AC 4B,975
AC 4C,444
AC 4D,849
Achilles,31
Adams Township,136
Adrian,113
Aetna Township Prct1,7
AF,1164
Agra City,177
Alamota Twp,39
Albano 051,30
Albion 33,134
Albion Twp,37
Albion Twp / Narka,107
Aldersgate - Mission,330
Alexander-Belle Prairie Twsp.,39
Alexander City,34
Allen,83
Allen Township,20
Allodium Township,31
Almena1 - Prec 1,364
Alta  A1,175
Alton City,70
Altoona City,162
Andover W1,5644
Andover W2,3261
Andover W3,915
Andover W3 77,164
Andover W3 88,698
Andover W3 Exc C,161
Andover W4,262
Anthony City,1361
Anthony Lake,48
Anthony Power Plant,4
Apache - Soldier,701
Appanoose Twp,212
Appleton,639
Arcade,60
Arcadia,229
Argonia City,339
Arion,75
Arlington 34,75
Arlington City 73,294
Ash Creek,45
Ash Valley Twp,38
Asherville Township,79
Ashland Twp,127
AT01,24
AT02,116
AT03,765
AT05,313
AT06,103
AT07,7
AT08,93
AT12,63
AT13,4
AT15,10
AT16,2
AT22,148
Athelstane,76
Athens Township,48
Athol City,30
Atlanta Twp,112
Attica City,357
Atwood,15
Atwood City,950
Aubry Twp 0-01,180
Aubry Twp 0-02,1298
Aubry Twp 0-03,572
Aubry Twp 0-04,1687
Aubry Twp 0-05,17
Aubry Twp 0-06,155
Aubry Twp 0-08,86
Augusta City W1,1651
Augusta City W2,1180
Augusta City W3,1795
Augusta City W4,1624
Augusta Twp - 14,281
Augusta Twp - 32,717
Augusta Twp 32 A,11
Augusta Twp 32 B,3
Augustine Twp.,17
Aurora / Aurora City,86
Avilla Twp.,49
Avon Twnshp,234
Avon Twp.,131
BA01,2145
BA02,1822
BA03,2770
BA04,3
Bachelor Twp,172
Baker,1619
Bala Twp,463
Balderson Twp,58
Banner,441
Banner Township,50
Banner Twsp.,58
Barnard City,51
Barnes City,80
Barnes Precinct,35
Barrett Twp,84
Basehor City North,3117
Basehor City South,2402
Basehor Twp/Fair,1503
Bassett City,22
Battle Creek Township,22
Battle Hill Twp,85
Bazaar,68
Bazine,261
Bear Creek T/S,21
Beaver,167
Beaver Township,77
Beaver Twp,273
Bell 35,43
Bell Twp,10
Belle Plaine City,1089
Belle Plaine Twnshp H 79,1235
Belle Plaine Twnshp H 82,8
Belle Plaine Twnshp H79 Part A,1
Belle Plaine Twnshp H82 Pt A,1
Belleville-Chautauqua,187
Belleville-Peru,206
Belleville City 1st Ward,489
Belleville City 2nd Ward,498
Belleville City 3rd Ward,367
Belleville Twp,160
Belmont,68
Beloit City,1137
Beloit Township,155
Belpre City,44
Belpre Twp,67
Belvidere,25
Belvue,267
Bendena Country Precinct,187
Benedict City,39
Benkelman Twp,31
Benn City,368
Benn Twp,442
Bennett,147
Benton,192
Benton 2,172
Benton City 75,633
Benton City 85,88
Benton Twp 75,866
Benton Twp 85,286
Bern City,131
Berwick Township,290
Bethany Twp,57
Beulah,212
Beverly City,79
Big Bend Twp / Republic,116
Big Bow,138
Big Creek,371
Big Creek Twp CC1,68
Big Creek Twp CC4,48
Big Springs 58,313
Big Timber Twsp.,38
Bigelow Twp,25
Bird City,478
Bison City,134
Black Wolf,74
Blaine,239
Blaine Township,31
Blaine Twp,91
Blair Precinct,165
Blakely Township,87
Bloom,97
Bloom Twp,110
Bloomfield Township,66
Bloomington Twp,380
Blue Hill Township,21
Blue Mound City Prec 100001,173
Blue Rapids City Twp,75
Blue Rapids City Twp/BR,613
Blue Rapids Twp,58
Blue Twp H51,3065
Blue Twp H61,595
Blue Valley - Olsburg,268
Bluff City,35
Bluff Twnshp,44
BM TWP Precinct Bm00001,165
Bogue City,109
Boling/High Prairie H38,1025
Boling/High Prairie H40,371
Boling/High Prairie H41,288
Boling/High Prairie H42,73
Bolton East,204
Bolton West,798
Bonaville Twp,58
Bonner Springs City,4
Bow Creek,24
Br. Grove Twp,32
Brantford Precinct,60
Brazilton,54
Brewster / W Hale,263
Bronson City,195
Brownscreek Township,42
Bruno Twp North - 77,891
Bruno Twp North - 77 B,95
Bruno Twp North - 77 C,42
Bruno Twp North - 99,296
Bruno Twp South - 77,408
Bruno Twp South - 88,6
Bryant Township,59
BS01-01,1219
BS02-01,1050
BS03-01,1296
BS04-01,1624
Buckeye,822
Buckeye 1,35
Buckeye Twp,73
Bucklin City,482
Bucklin Twp,69
Buffalo,72
Buffalo - Auburn,668
Buffalo City,120
Buffalo Township,50
Buffalo Twp,310
Buhler 74,928
Bunker Hill City,83
Burdett City,167
Burlington City,1678
Burlington Twp.,308
"Burlington Ward 2, CC Hts.",73
"Burlington Ward 2, Exclave 2",6
Burns,131
Burr Oak City,109
Burr Oak Precinct,117
Burr Oak Township,45
Burrton,497
Burrton A6,139
Byron 052,40
C Eudora 54,1297
CA/10,142
Caldwell Twnshp,107
Caldwell Ward 1,254
Caldwell Ward 2,511
Calhoun Twp,40
Calvin Township,44
Caney City,1231
Caney City W3 Pc 2 Ex A,4
Caney City Wd 1 Prc 2 Ex A H12,2
Caney Twp,935
Caneyville,60
Canren,57
Canton,73
Canton City,396
Canton Twp,147
Canville H2,146
Canville Part A H7,301
Canville Part B H7,5
Capaldo,393
Capioma Township,115
Carlton City USD473,32
Carlyle Twp,230
Carneiro,49
Carr Creek Township,18
Cassoday/Sycamore Twp,213
Castle Twp,50
Castleton 36,228
Catlin,128
Catlin/Peabody East,2
Catlin/Peabody West,5
Cawker City,317
Cawker Township,33
CE TWP Precinct Ce00002,340
Cedar,816
Cedar City,22
Cedar Point,13
Cedar Township,63
Cedar TWP,126
Cedron Township,27
Center,996
Center 1,709
Center 1 TWP,151
Center 2,656
Center 2A,158
Center 37,172
Center III Township,50
Center IV Township,83
Center Township,245
Center Twp,812
Center TWP,326
Center Twp CC5,108
Center Twsp.,57
Center1 - Prec 1,433
Center1A TWP,45
Center2 - Prec 1,97
Centerville,400
Central Mission - Mission,787
Central Pauline - Topeka,158
Centralia-Home,279
Centralia-Illinois,45
Centre,389
Centropolis North Twp,370
Centropolis South Twp,387
Chanute P1 W2,616
Chanute P1 W3,1234
Chanute P1 W3 Exclave,1
Chanute P1 W4,728
Chanute P2 W2,657
Chanute P2 W3,549
Chanute P2 W4 H7,480
Chanute P2 W4 Part A H2,8
Chanute P2 W4 Part B H2,1
Chanute P3 W3 Exclave,4
Chanute P3 W3 H2,199
Chanute P3 W3 H7,900
Chanute P3 W4 Exclave C,5
Chanute P3 W4 H2,44
Chanute P3 W4 H7,439
Chanute Ward 1,210
Chapman,73
Chapman City USD473,930
Chapman Twp,36
Charleston Precinct,48
Cheever,99
Chelsea Twp,198
Cherokee,368
Cherokee-Sheridan,237
Cherokee Twp CC1,90
Cherokee Twp CC3,188
Cherry Twp,375
Cherryvale City,1288
Chetopa City,730
Chetopa H13,470
Chetopa H2,1
Chetopa H9,159
Chetopa TWP,100
Cheyenne - Tecumseh,749
Cheyenne Twp,302
Chicopee,406
Chikaskia,27
Chikaskia Twnshp,46
Cimarron,46
Cimarron City 1,257
Cimarron City 2,1163
Cimarron TWP,76
Cimarron Twp 1,179
Cimarron Twp 2,94
Circleville City,108
City of Auburn - Auburn,776
City of Beloit,1232
City of Jetmore - North,238
City of Jetmore - NW/SW Center,104
City of Jetmore - South,240
Clarence Twp,92
Clark,94
Clay Center City W1,774
Clay Center City W2,830
Clay Center City W3,667
Clay Center City W4,588
Clay Center Twp,293
Clay North 38,728
Clay North Enclave,4
Clay South H102-1,138
Clay South H102A,4
Clay South H104,461
Clay South H114,212
Clay Twp,54
Clear Creek,283
Clear Creek 053,22
Clear Creek Township,78
Clear Creek Twp,96
Clear Fork Twp,34
Cleveland 054,46
Cleveland Run Twp,40
Cleveland Twp,92
Clifford Twp,125
Clifton,139
Clifton City,178
Clifton Precinct,69
Clifton TWP,81
Climax City,46
Clinton 51,586
Clyde City / Elk,543
Coffeyville City,4916
Coffeyville W1 Pc 1 Exclaves,8
Colby City,3547
Coldwater City,483
Coldwater Twp.,139
Coleman Precinct,44
Colfax,88
Colfax TWP,290
Collyer City,62
Collyer Township,144
Colony City,291
Colorado Township,84
Columbia,38
Comanche Twp,312
Concord Twp,247
Concordia Wd1,513
Concordia Wd2 Pct1,618
Concordia Wd2 Pct2,656
Concordia Wd3,939
Concordia Wd4,449
Conkling Twp,13
Conway Springs (Conway Twnshp),556
Conway Sprngs (Springdale),242
Conway Twnshp H79,197
Conway Twshp H116,77
Coolidge,67
Copeland City,155
Copeland Twp,81
Cora Township,22
Corinth Twp,42
Corning City,145
Cottage Grove Twp,165
Cottage Hill Twp,99
Cottonwood,95
Council Grove - Ward 1,437
Council Grove - Ward 2,372
Council Grove - Ward 3,622
Courtland Twp / Courtland,281
Covert Twp,9
Coyville City,32
Crawford,328
Creek Twnshp,145
Creswell E. H12,432
Creswell E.H80,530
Creswell West,432
Croco - Tecumseh,3
Crooked Creek TWP,66
Crowe,190
Crystal,39
Crystal Plains Township,15
Cullen - Williamsport,759
Culver City,72
Culver Twp,78
Cunn-Dresden,166
Cunn-Rural,123
Custer Township,38
Cutler Twp,485
Dale,112
Danville City,24
Darlington B5,339
Darlington B5 North,88
Dayton,28
DB11,1066
DB12,1315
DB124,437
DB13,1
DB14,1198
DB19,1
DB211,957
DB22,1634
DB23,2032
DB31,475
DB315,41
DB32,1287
DB321,1051
DB325,134
DB326,192
DB341,91
DB345,3
DB36,991
DB37,304
DB38,16
DB41,809
DB42,1564
DB433,64
DB434,9
DB436,789
DB437,60
DB440,1280
DC Pct 001 H115 A,865
DC Pct 001 H119 B,836
DC Pct 002 H119 B,1129
DC Pct 003 H119 B,1441
DC Pct 004 H115 A,54
DC Pct 004 H119 B,2088
DC Pct 005,2544
DC Pct 006 H115 A,1529
DC Pct 006 H119 B,1182
DC Pct 007 H119 A,370
DC Pct 007 H119 B,4
DC Pct 009 H119 A,38
DC Pct 009 H119 B,96
DC Pct 012,3
De Soto 0-01,1669
De Soto 0-02,1063
De Soto 0-03,1279
De Soto 0-06,234
De Soto 0-07,269
Deer Creek,62
Deer Creek - Topeka,28
Deer Creek Twp,90
Deerfield,457
Deerhead Township Prct2,9
Delaware 1,857
Delaware Township,540
Delhi Twp,21
Delia City,105
Delmore Twp,107
Delphos City,195
Denison City,97
Denton City Precinct,92
Denton Country Precinct,113
Dexter,263
Diamond,126
Dighton City,708
Dighton Twp,165
Dixon Twnshp,131
DL03,1
DL04,2
DL10,3
Dodge Twp-3 H115 A,16
Dodge Twp-3 H119 B,49
Dodge Twp H115,342
Dodge Twp H119,75
Dodge TWP N H119,22
Dodge TWP W H119,1
Dor 110 Township,22
Dor 237 Township,2
Dor 392 Township,3
Dorrance City,104
Douglas,1276
Douglas 057,85
Douglass City/Twp,1260
Douglass Twp 32,126
Dover - Dover,552
Downs City,635
Downs Twnshp H79,80
Downs Twnshp H80,43
Doyle,35
Dresden,63
Driftwood,62
Drum Creek Twp CC1,312
Drum Creek Twp CC2,71
Drywood Township,316
Duck Creek TWP,39
Durham City,60
Durham Park Township,69
Durham Twp,11
DW01-01,31
E Cooper 055,33
E Hibbard Twp,72
E Sawlog,32
E St John 003,333
E Wakarusa 65 C1 S2 H42,34
E Wakarusa 65 C1 S2 H46,3
E Wakarusa 65 C2 S2 H42,16
E Wakarusa 65 C2 S3 H10,4
E Wakarusa 65 C2 S3 H42,33
E. Center,82
E. Sibley,63
E.Meredith,39
EA,815
Eagle,87
Eagle Township Prct 3,26
East Branch,130
East Cottonwood Falls,207
East Ellsworth 1-18,435
East Ellsworth 2-19,420
East Elm Twp,133
East Erie Twp,417
East Fairview,675
East Falls,97
East Hale Twp,75
East Hess Twp,112
East Illinois,16
East Lincoln 107,26
East Lincoln 64,149
East Marion Township,306
East Middle Creek,953
East Morgan Twp,198
East Ogallah Township,50
East Peck - Tecumseh,441
East Rossville - Rossville,679
East Sarcoxie Township,639
East Second,548
East Silver Lake - Silver Lake,832
East Soldier - Soldier,784
East Strong,102
East Strong City,256
East Third,1113
East Union Township,614
East Valley H6,313
East Valley H9 Part A,18
East Valley H9 Part B,2
East Washington Twp,130
East Wichita - Soldier,1054
Easton City,124
Easton/Easton,690
EBC 111,783
ED01-01,2580
ED02-01,403
ED02-02,9
Eden,54
Eden Twnshp H79,318
Eden Twshp H116,27
Edgerton 0-01,1089
Edgerton 0-02,1
Edgerton 0-04,3
Edgerton 0-05,7
Edgerton 0-06,2
Edgerton 0-08,5
Edgerton 0-09,2
Effingham City,329
EG/11,546
El Dorado Twp East,130
El Dorado Twp West,400
El Dorado Twp West B,2
El Dorado W1,2561
El Dorado W2,3514
El Dorado W3,657
El Dorado W4,1634
El Dorado W4 A,36
Elbing City/Fairmount Twp,373
Elk Creek Twp / Agenda,88
Elk Falls City,90
Elk Falls Township,64
Elkader Twp.,8
Elkhart,1350
Elkhorn Township,104
Ellis City,1527
Ellsworth Twp,127
EllsworthTwp/Kanopolis,40
Elm Creek Twp,121
Elm Mills Township Prct4,103
Elmdale,26
Elmont - Soldier,1081
Elsmore City,41
Elwood City Precinct,678
Elwood Country Precinct,18
Elwood Township Prct5,135
Emma A3,380
Emmett,279
Empire Buckeye West,56
Empire Twp,212
Empire Venango East,81
Englewood,99
Ensign City,125
Enterprise 40,90
Enterprise City USD473,532
Enterprise Twp H115,420
Enterprise Twp H119,47
ER,72
Erving Township,29
Esbon City,82
Esbon Township,42
Eureka,64
Eureka Township,11
Eureka Twp,409
Evan,418
Everest City,182
Exeter,61
Fairfield Twp CC1,29
Fairplay,90
Fairview,185
Fairview 058,58
Fairview City,151
Fairview Twp,660
Fairview Twp / Munden,99
Fairview Twp CC3,61
Fairway 1-01,524
Fairway 1-02,371
Fairway 2-01,363
Fairway 2-02,394
Fairway 3-01,510
Fairway 3-02,461
Fairway 4-01,241
Fairway 4-02,268
Fairway 4-03,174
Fairway 4-04,250
Fall River City,121
Fall River Twp,108
Fall River TWP,183
Falls Twnshp,127
Fancy Crk Twp,83
Fargo Township 1,89
Fargo Township 2,59
Fargo Township 3,23
Fargo Township 4,330
Farmer Twp,263
Farmington 059,253
Farmington Precinct,107
Farmington Twp,40
Fawn Creek  Twp CC2,1068
Fawn Creek Twp CC3,376
Five Creeks,94
Flora,71
Florence 1st,133
Florence 2nd,164
Fontana City,131
Foote Twp,59
Forbes - Williamsport,85
Ford City,143
Ford Twp,93
Formoso City,54
Forrester,64
Fort Riley Pecinct B H68,796
Fort Riley Precinct A H65,578
Fort Riley Precinct B H65,551
Fort Scott 1st Ward,967
Fort Scott 2nd Ward,889
Fort Scott 3rd Ward,393
Fort Scott 4th Ward,793
Fort Scott 5th Ward,812
Fort Scott 6th Ward,2063
Fort Scott 7th Ward,1014
Fountain Twp,78
Fowler City,416
Fowler TWP,100
Fox - Soldier,814
Fragrant Hill,220
Franklin,845
Franklin East,328
Franklin Precinct,60
Franklin Township,315
Franklin Twp,1205
Fredonia Ward 1,288
Fredonia Ward 2,130
Fredonia Ward 3,137
Fredonia Ward 4,548
Freedom,135
Freedom Township,237
Freedom Twp,126
FRIEND 122,100
Frontenac 1st Ward,751
Frontenac 2nd Ward,995
Frontenac 3rd Ward,426
Frontenac 4th Ward,362
Ft. Leav,1462
Fulton City,108
FV/13,130
GA,1492
Gaeland,34
Gaillardia - Mission,813
Gale,187
Galesburg,163
Galt Twp,58
Galva City,534
Garden  A2,188
Gardner 0-01,2253
Gardner 0-02,11
Gardner 0-03,1236
Gardner 0-04,1300
Gardner 0-06,2149
Gardner 0-07,29
Gardner 0-08,640
Gardner 0-09,2343
Gardner 0-10,1492
Gardner 0-13,1423
Gardner 0-14,1053
Gardner 0-17,3
Gardner 0-19,452
Gardner 0-20,858
Gardner 0-22,93
Gardner 0-23,2
Gardner Twp 0-01,526
Gardner Twp 0-02,170
Gardner Twp 0-03,250
Gardner Twp 0-04,1
Gardner Twp 0-05,6
Gardner Twp 0-07,2
Gardner Twp 0-08,6
Gardner Twp 0-10,6
Gardner Twp 0-11,38
Gardner Twp 0-13,1
Gardner Twp 0-14,5
Gardner Twp 0-16,17
Gardner Twp 0-17,2
Gardner Twp 0-18,4
Gardner Twp 0-19,266
Gardner Twp 0-20,2
Gardner Twp 0-21,29
Gardner Twp 0-22,86
Gardner Twp 0-24,2
Gardner Twp 0-25,31
Garfield,589
Garfield 237 Township,6
Garfield 392 Township,23
Garfield City,97
Garfield Twp,88
Garfield Twsp.,94
Garnett City Prec. 1,812
Garnett City Prec. 2,695
Garnett City Prec. 3,625
Garnett City Prec. 4,194
Gas City,328
Gaylord City,67
"GBC-P1,W1",572
"GBC-P1,W2",955
"GBC-P1,W3",705
"GBC-P1,W4",701
"GBC-P2,W1",885
"GBC-P2,W2",850
"GBC-P2,W3",787
"GBC-P2,W4",611
"GBC-P3,W1",623
"GBC-P3,W2",870
"GBC-P3,W3",840
"GBC-P3,W4",296
GD,496
Gem / Lacey Twp,104
Geneva Twp,100
German Township,23
Gettysburg Township,57
Geuda Springs City,98
Gill,99
Gilman Township,118
Girard 1st Ward,219
Girard 2nd Ward,581
Girard 3rd Ward,438
Girard 4th Ward,607
Glade City,52
Glasco City / Solomon,335
Glen Elder City,283
Glen Elder Township,72
Glencoe Twp,145
Glenwood,35
Glenwood S5,451
Glenwood S9,1613
GN01,1104
GN09,2
GN10,2
GN13,2
GO,1792
GO01,1
GO02,86
GO04,159
GO05,1620
Goessel,353
Goff City,65
Golden Belt Township,33
Gore Twnshp H 79,357
Gore Twnshp H 82,191
Gore Twp H82-32,253
Gorham City,232
Goshen,38
Gove,146
GR,694
Graham Township,40
Grainfield,294
Granada Township,73
Grandview Plaza Precinct,853
Grandview Twp East H115 B,7
Grandview Twp H115,266
Grandview Twp Ward 2 H115 A,28
Grandview Twp Ward 2 H119 C,49
Granite,17
Grant,1611
Grant / Jamestown City,223
Grant 41,692
Grant 55 H42,77
Grant 55 H45,210
Grant Precinct,29
Grant Township,162
Grant Twp,1168
Grant Twp CC1,138
Grasshopper,266
Great Bend Twp A,951
Great Bend Twp B,147
Greeley City,189
Green,93
Green Garden Twp/Lorraine,48
Green Twp,142
Greene Twnshp,58
Greenfield Township,71
Greenleaf City,158
Greenleaf Precinct,58
Greenwood,28
Greenwood Twp,341
Grenola City,122
Gridley City,220
Grinnell,300
Grove - Grove,555
Grove 42,38
Groveland Twp,129
Guelph Twnshp,123
Guilford TWP,65
Guittard Twp,99
Guittard Twp/Beattie,128
GY01,2135
GY02,286
GY03,72
GY04,95
GY07,251
GY08,125
Gypsum Creek Twp,117
H.C.C. #1,134
H.C.C. #2,604
H.C.C. #3,206
HA/16,242
HA11,1323
HA13,2
HA15,1
HA17,453
HA21,1201
HA24,93
HA25,31
HA27,465
HA31,1405
HA33,106
HA35,176
HA41,1151
HA42,532
Haddam City,58
Haddam Precinct,41
Hallet,33
Halstead 1-1,539
Halstead 1-2,810
Halstead A7,247
Hamilton City,182
Hamlin City,23
"Hamlin Twp, Hamlin",88
"Hamlin Twp, Reserve",67
Hampden Twp.,118
Hampton-Fairview Twsp.,77
Hancock Twp,15
Hanover City,430
Hanover Precinct,162
Hanover Township,29
Happy Township,41
Harlan Township,61
Harmon Twnshp,239
Harmony,68
Harper City,815
Harper Twp,112
Harrison,58
Harrison-Goff,62
Harrison-Kelly,84
Harrison Township,12
Harrison Twp,485
Hartland Twp,78
Harvey,80
Harvey 110 Township,10
Harvey 237 Township,55
Haven City 75,840
Haven H101,233
Haven H114,81
Haviland,368
Haviland A TWP,53
Haviland TWP,94
Hawkeye Twp,20
Hayes,301
Hayes 060,132
Hayes 1,21
Hayes 44,47
Hayes Township,17
Hayes Twp,554
Hays W1 P1,597
Hays W1 P2,771
Hays W2 P1,846
Hays W2 P2,683
Hays W2 P3,524
Hays W2 P4,638
Hays W2 P5,517
Hays W3 P1,568
Hays W3 P2,900
Hays W3 P3,931
Hays W3 P4,2100
Hays W4 P1,736
Hays W4 P2,955
Hays W4 P3,720
Hays W4 P4,1363
Hays W4 P5,1103
Hazelton Township Prct6,90
HE 110,290
HE 111,969
Hendricks,80
Henry Twp,14
Hepler,76
Herington W1,559
Herington W2,600
Herington W4,376
Herkimer Twp,157
Herl,120
Herndon City,120
Hesston 1-1,1307
Hesston 1-2,1238
Hiawatha - Ward 1,336
Hiawatha - Ward 2,904
Hiawatha - Ward 3,768
Hiawatha - Ward 4,164
Hiawatha Twp,453
Hickory Twp,70
Highland,112
Highland A4,269
Highland City Precinct,428
Highland Country Precinct,272
Highland Precinct,16
Highland Township,81
Highland Twp,69
Highland1 - Prec 1,288
Highland2 - Prec 1,84
Highland3 - Prec 1,87
Highpoint,30
Hill City Township #71,8
Hill City Township #72,55
Hill City Township #73,40
Hillsboro 1st,802
Hillsboro 2nd,875
HO/18,242
Hois- Ward 4,430
Hois - Ward 1,474
Hois - Ward 2,470
Hois - Ward 3,417
HOLCOMB 122,1753
Holland,54
Hollenberg City,12
Holmwood Township,18
Home Township,110
Homestead,37
Homewood Twp,437
Hoosier,102
Hope,78
Hope City,229
Horace City,63
Horton - Ward 1,447
Horton - Ward 2,355
Horton - Ward 3,257
Houston 237 Township,32
Howard City,436
Howard Township,140
Hoyt City,410
HUFFMAN 122,728
Hugoton 1,496
Hugoton 2,824
Hugoton 3,901
Humboldt City,1297
Humboldt Twp,208
Hunnewell City,44
Hunter,40
Huntsville 45,87
Huron,118
Huron City,45
Hutchinson 1 H102,561
Hutchinson 1 H102A,33
Hutchinson 10,1008
Hutchinson 11,1039
Hutchinson 12,687
Hutchinson 13 H102,470
Hutchinson 13 H104,330
Hutchinson 14,742
Hutchinson 15,658
Hutchinson 16,995
Hutchinson 17,836
Hutchinson 18,464
Hutchinson 19,557
Hutchinson 2,583
Hutchinson 20,793
Hutchinson 21,1830
Hutchinson 22-H104,1090
Hutchinson 23 Exclave,258
Hutchinson 23 H104,1293
Hutchinson 24,820
Hutchinson 25,862
Hutchinson 26,419
Hutchinson 26 Exclave H102,107
Hutchinson 27,613
Hutchinson 28,1296
Hutchinson 28 Exclave,580
Hutchinson 29,623
Hutchinson 3,383
Hutchinson 30,448
Hutchinson 31,705
Hutchinson 32,194
Hutchinson 33,259
Hutchinson 34,133
Hutchinson 34 Exclave,2
Hutchinson 35,336
Hutchinson 4,1176
Hutchinson 5,853
Hutchinson 6,670
Hutchinson 7,805
Hutchinson 8,356
Hutchinson 9,991
Ichabod Washburn - Mission,12
IL01,1501
Illinois Township,166
Illinois Twnshp,127
Illinois Twsp.,38
Indep City Ward 1 Prec 1,3
Indep City Ward 1 Prec 1 CC1,335
Indep City Ward 1 Prec 2,41
Indep City Ward 1 Prec 2 CC1,432
Indep City Ward 2 Prec 1,3
Indep City Ward 2 Prec 1 CC1,239
Indep City Ward 2 Prec 2,111
Indep City Ward 2 Prec 2 CC2,102
Indep City Ward 3 Prec 1,457
Indep City Ward 3 Prec 2 Excla,1
Indep City Ward 3 Prec 2 H11,245
Indep City Ward 3 Prec 2 H12,30
Indep City Ward 4 Prec 1,508
Indep City Ward 4 Prec 2,393
Indep City Ward 5 Prec 1,396
Indep City Ward 5 Prec 2,527
Indep City Ward 6 Prec 1 H12,881
Indep City Ward 6 Prec 1 H12 C,41
Indep City Ward 6 Prec 2 H11,473
Indep City Ward 6 Prec 2 H11A,171
Indep City Ward 6 Prec 2 H11B,26
Indep City Ward 6 Prec 2 H12,103
Indep City Ward 6 Prec 2 H12B,18
Independence Precinct,76
Independence Twp,21
Independence Twp  2 Part AH12,214
Independence Twp 1 - H11,1195
Independence Twp 1 - H12,185
Independence Twp 1 Enclave H12,1
Independence Twp 2 Part C CC1,7
Independence Twp 2 Part CH11,64
Independence Twp CC1,30
Independent Twp,569
Indian Creek Twp,103
Indian Hills - Mission,654
Indiana Township,80
Indianola - Soldier,744
Ingalls City,181
Ingalls Twp,183
Inman City,906
Iola City,3561
Ionia Township,49
Iowa Township,19
Iroquois - Soldier,947
Irving Twp,224
Isbel Twp,59
Itasca Township,220
Ivanhoe,82
J BARKER 122-A,762
J BARKER 122-C,2
J BARKER 123-A,32
J BARKER 123-B,8
J BARKER 123-F,11
J BARKER 123-G,5
J BARKER 123-H,4
J BARKER 123-I,1
Jackson Township,125
Jackson Twnshp H79,22
Jackson Twnshp H80,91
Jackson Twp,722
Janesville Twp,158
Jaqua Twp,13
Jefferson,853
Jefferson  (Jefferson),352
Jefferson Township,475
Jefferson Twp,88
Jerome,86
Jewell City,263
Johnson,40
Jones,10
KALVESTA 122,101
Kanopolis City,336
Kanorado City,84
Kanwaka 56 C1 H45,94
Kanwaka 56 S19 H47,23
Kanwaka 56 S3 H47,1190
Kapioma,190
Kaw - Tecumseh,715
Kaw Township,1028
KC01-01,326
KC01-02,349
KC01-03,237
KC02-01,483
KC02-02,363
KC02-03,86
KC02-04,466
KC02-05,653
KC02-06,25
KC02-07,1
KC03-01,925
KC03-02,932
KC03-03,182
KC03-04,661
KC03-05,48
KC04-01,829
KC04-02,342
KC04-03,594
KC04-04,957
KC05-01,940
KC05-02,489
KC05-03,462
KC05-04,515
KC05-05,520
KC06-01,612
KC06-02,246
KC07-01,542
KC07-02,464
KC07-03,609
KC07-04,948
KC07-05,219
KC07-06,1122
KC07-07,493
KC07-08,902
KC07-09,1156
KC07-10,588
KC07-11,16
KC08-01,938
KC08-02,872
KC08-03,1166
KC08-04,1110
KC09-01,170
KC09-02,858
KC09-03,1712
KC09-04,200
KC09-05,75
KC09-06,1025
KC09-07,890
KC09-08,476
KC09-09,355
KC09-10,842
KC09-11,55
KC09-12,961
KC09-13,659
KC09-14,817
KC09-15,2
KC09-16,2185
KC09-17,8
KC09-18,171
KC09-19,42
KC09-21,68
KC09-22,128
KC09-23,78
KC09-24,39
KC09-25,1128
KC10-01,877
KC10-02,840
KC10-03,63
KC10-04,613
KC10-05,994
KC10-06,337
KC10-07,232
KC11-01,939
KC11-02,835
KC11-03,1049
KC11-04,964
KC11-05,1128
KC11-06,768
KC11-07,605
KC11-08,998
KC11-09,507
KC11-10,696
KC11-11,872
KC11-12,263
KC11-13,155
KC11-14,276
KC11-15,298
KC11-16,95
KC11-17,18
KC12-01,972
KC12-02,732
KC12-03,1010
KC12-04,981
KC12-05,478
KC12-06,894
KC12-07,949
KC12-08,620
KC12-09,124
KC12-10,164
KC12-11,348
KC12-12,386
KC12-13,694
KC12-14,312
KC12-15,82
KC12-16,321
KC13-01,1017
KC13-02,840
KC13-03,482
KC13-04,459
KC13-05,133
KC13-06,225
KC13-07,546
KC13-08,657
KC13-09,884
KC13-10,89
KC13-11,724
KC13-12,612
KC13-13,283
KC14-01,923
KC14-02,465
KC14-03,425
KC14-04,796
KC14-05,742
KC14-06,923
KC14-07,1194
KC14-08,913
KC14-09,508
KC14-10,1744
KC14-11,879
KC14-12,1774
KC14-13,1216
KC14-14,1930
KC14-15,845
KC14-16,467
KC14-17,929
KE01,2
KE02,15
KE03,1296
KE04,53
KE07,15
KE08,4
KE10,6
KE17,1
KE19,6
KE21,18
KE26,7
Kendall T/S,65
Kendall Twp,56
Kensington City,309
Kentucky Township,576
Key West Twp.,205
Keystone Twp,77
Keysville Twp,26
Kickapoo/Kickapoo H41,1426
Kickapoo/Kickapoo H42,84
Kill Creek Twp,4
Kilmer - Soldier,220
Kimeo Precinct,39
Kincaid City,91
King City Twp,369
Kingery Twp,58
Kingman Twp,87
Kingman Ward 1,560
Kingman Ward 2,814
Kingman Ward 3,298
Kingman Ward 4,438
Kingston - Williamsport,193
Kinsley City Ward 1,474
Kinsley City Ward 2,431
Kinsley Twp,84
Kiowa - Tecumseh,980
Kiowa East Townshp Prct7,405
Kiowa West Townshp Prct8,272
Kiro - Menoken,711
Kirwin,44
Kirwin City,105
Kismet City,217
LaCrosse-Brookdale Twsp. #1,40
LaCrosse-Brookdale Twsp. #2,38
LaCrosse City #1,519
LaCrosse City #2,332
Ladore,286
Lafayette,40
LaHarpe City,309
Lake B2,116
Lake City Township Prct9,57
Lake Quivira 0-01,926
Lake Twp,51
Lakin B3,182
Lakin City,1209
Lakin Twp,183
Lakin Twp A,1469
Lakin Twp B,62
Lamont T/S,52
Lancaster,249
Lancaster City,191
Lane 110 Township,26
Lane 237 Township,30
Lane City,164
Lane Twp,28
Langdon 46,63
Langdon City 76,38
Langley,59
Lansing Ward 1,1550
Lansing Ward 2,1939
Lansing Ward 3,1734
Lansing Ward 4,1787
Larned City Ward 1 C1,490
Larned City Ward 1 C4,52
Larned City Ward 2 C1,683
Larned City Ward 2 C4,68
Larned City Ward 3,713
Larned City Ward 4 C1,9
Larned City Ward 4 C4,429
Larned Twp C01,123
Larned Twp C04 Part A,45
Larned Twp C04 Part B,23
Larrabee,27
Latham/Union,100
Lawrence  11,863
Lawrence  20,1797
Lawrence  21,567
Lawrence 01,780
Lawrence 02,790
Lawrence 03,1042
Lawrence 04,884
Lawrence 05,863
Lawrence 06,1034
Lawrence 07,549
Lawrence 08,843
Lawrence 09,679
Lawrence 10,344
Lawrence 12,1491
Lawrence 13,1100
Lawrence 14 H10,1606
Lawrence 14 H44,486
Lawrence 15,1375
Lawrence 16,1055
Lawrence 17,1454
Lawrence 18,1773
Lawrence 19,1304
Lawrence 22,1311
Lawrence 23,696
Lawrence 24,843
Lawrence 25 H10,65
Lawrence 25 H46,611
Lawrence 26 H10,687
Lawrence 26 H46,209
Lawrence 27,885
Lawrence 28,809
Lawrence 29,879
Lawrence 30,787
Lawrence 31,1099
Lawrence 32,1134
Lawrence 33 H10,830
Lawrence 34,686
Lawrence 35 H10,677
Lawrence 35 H46,495
Lawrence 36,1190
Lawrence 37,1271
Lawrence 38 H10,1627
Lawrence 38 H42,322
Lawrence 39,1066
Lawrence 40,985
Lawrence 41 H46,1727
Lawrence 42 S19 H45,500
Lawrence 42 S2 H46,427
Lawrence 43,2353
Lawrence 44 H44,438
Lawrence 44 H45,712
Lawrence 45,1802
Lawrence 46 H44,1255
Lawrence 46 H45,1049
Lawrence 47,672
Lawrence 48,1423
Lawrence 49 H45,1807
Lawrence 49 H47,296
Lawrence Precinct 71,1894
Lawrence Precinct 74,2937
Lawrence Precinct 76,162
Lawrence Precinct 77 H42,707
Lawrence Twp,20
LB/19,291
Leawood 1-01,852
Leawood 1-02,1348
Leawood 1-03,1177
Leawood 1-04,1058
Leawood 1-05,840
Leawood 1-06,293
Leawood 1-07,1087
Leawood 2-01,973
Leawood 2-02,1539
Leawood 2-03,1263
Leawood 2-04,1323
Leawood 2-05,783
Leawood 2-06,771
Leawood 2-07,686
Leawood 3-01,1204
Leawood 3-02,1241
Leawood 3-03,788
Leawood 3-04,448
Leawood 3-05,2228
Leawood 3-06,1893
Leawood 3-07,234
Leawood 4-01,376
Leawood 4-02,961
Leawood 4-03,804
Leawood 4-04,1254
Leawood 4-05,1174
Leawood 4-06,1011
Leawood 4-07,2131
Lebanon City I,144
Lebo City,641
Lecompton 57 C1 H45,97
Lecompton 57 C2 H45,637
Lecompton 57 C2 H47,192
Lees Twp.,9
Lehigh City,98
Lehigh Township,114
Lenexa 1-01,1848
Lenexa 1-02,1394
Lenexa 1-03,1610
Lenexa 1-04,1299
Lenexa 1-05,1265
Lenexa 1-06,528
Lenexa 1-07,1357
Lenexa 1-08,1097
Lenexa 1-09,1465
Lenexa 2-01,1523
Lenexa 2-02,1040
Lenexa 2-03,1707
Lenexa 2-04,2079
Lenexa 2-05,1843
Lenexa 2-06,719
Lenexa 2-07,1675
Lenexa 2-10,660
Lenexa 2-11,1179
Lenexa 3-01,1369
Lenexa 3-02,2154
Lenexa 3-03,1463
Lenexa 3-04,936
Lenexa 3-05,1345
Lenexa 3-06,482
Lenexa 3-07,1106
Lenexa 3-08,1082
Lenexa 3-09,1079
Lenexa 3-10,422
Lenexa 4-01,926
Lenexa 4-02,1094
Lenexa 4-03,1142
Lenexa 4-04,746
Lenexa 4-05,621
Lenexa 4-06,4
Lenexa 4-07,929
Lenexa 4-08,740
Lenexa 4-09,1009
Lenexa 4-10,530
Lenexa 4-11,1140
Lenexa 4-12,858
Lenexa 4-13,251
Leon/Little Walnut,665
Leona City Precinct,15
Leona Country Precinct,39
LeRoy City,382
LeRoy Twp.,76
Lewis,6
Lewis City,225
Lexington,33
Lexington Twp 0-01,15
Lexington Twp 0-02,1
Lexington Twp 0-03,3
Lexington Twp 0-04,1
Lexington Twp 0-06,11
Lexington Twp 0-09,209
Lexington Twp 0-10,1070
LI,398
LI/21,296
Liberal Township 1,139
Liberal Township 2,59
Liberal Township 3,86
Liberal Township 4,74
Liberal Township 5,56
Liberty,918
Liberty T/S,23
Liberty Township,220
Liberty Township CC2,85
Liberty Twp,341
Liberty Twp CC1,288
Liberty Twp Precinct Lb00003,548
Liberty Twp.,177
Liebenthal City,77
Limestone Township,40
Lincoln,1817
Lincoln-Arcadia,111
Lincoln 061,63
Lincoln 237 Township,2
Lincoln 272 Township,38
Lincoln 47,339
Lincoln City,794
Lincoln Precinct,31
Lincoln Township,58
Lincoln Twp,1925
Lincoln Twp CC1,91
Lincoln Twp.,287
Lincolnville,119
Lindsborg City Ward 1,528
Lindsborg City Ward 2,613
Lindsborg City Ward 3,585
Lindsborg City Ward 4,606
Linn City,197
Linn Precinct,94
Linn Valley Precinct 700004,905
Linwood City,278
Linwood/Sherman H38,1808
Linwood/Sherman H42,193
Little Blue Precinct,49
Little Caney,250
Little Muddy Creek - Soldier,453
Little River 48,400
Little Valley Twp,287
Llanos Township,30
Loda 49,69
Logan,233
Logan City,370
Logan Precinct,83
Logan Township,253
Logan Twp,811
Logan TWP,89
Logansport Twp.,3
London Twnshp,593
Lone Elm City,17
Lone Elm Twp,173
Lone Star,869
Lone Star Twsp.,50
Lone Tree - Wheaton,164
Lone Tree Twp,165
Long Island,69
Long Island City,115
Longford,62
Longton City,171
Longton Township,66
Lorraine City,73
Lost Springs City,35
Lost Springs Township,85
Louisburg City 1,738
Louisburg City 2,1022
Louisburg City 3,991
Louisburg City 4,839
Louisburg City 4 - MC,57
Louisburg Township CC2,335
Louisburg Twp,48
Louisville,737
Lowe Precinct,46
Lucas City,241
Ludell,74
Lulu Township,33
Luray City,119
Luray Twp CC2,31
Luray Twp CC3,9
Lyon,71
Lyon H68 North,7
Lyon H68 South,50
Lyon H70,122
Lyon Township,228
Lyons 1st Ward,537
Lyons 2nd Ward,544
Lyons 3rd Ward,546
Lyons 4th Ward,582
MACK 122-A,576
MACK 122-B,64
MACK 122-C,5
Macon A8,278
Macon A8 East-72,64
Madison City,499
Madison Township,79
Madison Twp,249
Madison Twp B,22
Madison Twp H64,816
Madison Twp/Ft Riley B H68,211
Madison Twp/Ft. Riley,866
Madison Twp/Ft. Riley A H68,468
Mahaska City,40
Manchester City,60
Manhattan City,4
Manhattan City w1/p1,1275
Manhattan City W10/P1,339
Manhattan City W11/P1,1420
Manhattan City W11/P3,201
Manhattan City w12/p1,40
Manhattan City w2/p1,1523
Manhattan City w2/p2,515
Manhattan City w2/p3,629
Manhattan City w2/p4,851
Manhattan City w2/p5,1358
Manhattan City w2/p6,285
Manhattan City w2/p7,22
Manhattan City w3/p1,250
Manhattan City w3/p2,993
Manhattan City w3/p3,1182
Manhattan City w4/p2,353
Manhattan City w4/p3,762
Manhattan City w4/p4,1776
Manhattan City w4/p5,1050
Manhattan City W4/P5 Exclave,18
Manhattan City W4/P6,894
Manhattan City W4/P7,86
Manhattan City w5/p10,2349
Manhattan City w5/p11,2028
Manhattan City w5/p2,1143
Manhattan City w5/p3,1358
Manhattan City w5/p5,709
Manhattan City w5/p6,1065
Manhattan City w5/p7,533
Manhattan City w5/p8,676
Manhattan City w5/p9,1821
Manhattan City w6/p1,93
Manhattan City W8/P1,552
Manhattan City W8/P2,7
Manhattan City W8/P3,1404
Manhattan City W9/P1,189
Manhattan City W9/P2,136
Manhattan City W9/P3,79
Manhattan Twp 1,378
Manhattan Twp 2,394
Manhattan Twp 3,155
Manhattan Twp 4,580
Mankato City,585
Manter,152
Maple,597
Mapleton City,72
Marion 59,616
Marion 59B,75
Marion North,715
Marion Precinct,167
Marion South,666
Marion Township,335
Marmaton Township,518
Marmaton Twp,213
Marquette City,409
Marquette Twp,112
Martin 110 Township,10
Martin 237 Township,10
Marysville City Ward 1,665
Marysville City Ward 2,597
Marysville City Ward 3,453
Marysville City Ward 4,574
Marysville Twp,210
Matfield,50
Matfield Green,42
Mayday Twp,54
Mayetta City,206
Mayfield City,76
Mc Louth City,615
Mcadoo Township Prct10,18
McAllaster Twp.,25
McCamish Twp 0-01,118
McCamish Twp 0-02,316
McCamish Twp 0-06,137
McCamish Twp 0-07,256
McCracken City,118
McCune,283
Mcdonald City,106
McPherson City Ward 1,4391
McPherson City Ward 2,1382
McPherson City Ward 3,923
McPherson City Ward 4,1957
McPherson Township,22
McPherson Twp,423
Meade Center TWP,240
Meade City,1382
Meadowlark - Auburn,925
Med Lodge Five Prct15,42
Med Lodge Four Prct14,170
Med Lodge One Prct11,443
Med Lodge Three Prct13,269
Med Lodge Two Prct12,370
Medford 50,121
Medora 51,1269
Medway T/S,35
Menlo,50
Menno,241
Meriden City,476
Meridian Twp,178
Merriam 1-01,565
Merriam 1-02,542
Merriam 1-03,207
Merriam 1-04,536
Merriam 2-01,264
Merriam 2-02,2
Merriam 2-03,706
Merriam 2-04,1007
Merriam 3-01,1259
Merriam 3-02,1047
Merriam 4-01,1266
Merriam 4-02,508
Merriam 4-03,635
Mertilla TWP,84
Messhoss Creek - Menoken,534
MI01,1573
MI02,637
MI03,4
MI05,3
MI07,35
MI08,35
MI09,332
MI12,2
MI14,136
MI20,3
MI22,2
MI26,23
Miami 52,52
Miami H9,257
Miami Twp H6,173
Michigan Twp,66
Milan City,34
Milford City,300
Milford Township,973
Mill Creek - Onaga,642
Mill Creek Precinct,52
Millbrook Township,86
Millcreek Township,406
Milton,53
Milton Twp - 75,278
Miltonvale City / Starr,367
Mingona Township Prct16,62
Mirage,32
Mission,638
Mission 1-01,676
Mission 1-02,1118
Mission 2-01,1118
Mission 2-02,1104
Mission 3-01,1401
Mission 3-02,546
Mission 4-01,676
Mission 4-02,816
Mission 4-03,275
Mission 4-04,336
Mission Hills 0-01,740
Mission Hills 0-02,932
Mission Hills 0-03,605
Mission Hills 0-04,995
Mission Twp,388
Mission Woods 0-01,168
Mitchell Township,244
Mitchell Twp,86
MO,1853
Moline City,253
Monroe Twp,259
Montana Township,44
Montara - Williamsport,727
Montezuma City,402
Montezuma Twp,192
Monument Twp.,88
Moore,39
Moore Township Prct17,48
Moran City,314
Morganville,132
Morlan Township,43
Morland City,94
Morrill City,140
Morrill Twp,182
Morris Twnshp,22
Morrowville City,83
Morton Twp,117
Moscow,357
Mound,105
Mound City Precinct 300006,476
Mound City Precinct Mc00006,547
Mound H5,132
Mound H9,412
Mound Twp,263
Moundridge City,1118
MP/28,954
Mpls City I,409
Mpls City II,286
Mpls City III,467
Mt. Ayr Twp,26
Mt. Pleasant,726
MT/23,111
Mulberry,59
Mulberry 1st Ward,140
Mulberry 2nd Ward,182
Mullinville,132
Mullinville TWP,132
Mulvane City,574
Mulvane City Exclave A H82,2
Mulvane City Exclave B H79,8
Murdock Twp,305
Murdock Twp A,7
Murray Twp,156
Murray Twp/Axtell,291
Muscotah City,111
MV/26,506
MV01,940
MV02,2668
MV05,3
MV06,133
MV14,2
N  Wakarusa 64 S2 H46,1
N Brown Twp,45
N Center,54
N Central Monmouth - Monmouth,376
N Dudley,67
N Eudora 52 City,644
N Eudora 52 Twp,91
N LaCygne City Precinct 200004,495
N Lincoln Twp Precinct Ln00004,229
N Lockport,79
N Paola E1 Part 1,12
N Paola E2 Part 2,83
N Paola W Twp,386
N Pleasanton City Prec 500008,443
N Potosi Twp Precinct Po00008,274
N Seward 067,102
N Stafford  001,331
N Wakarusa 64 S19 H45,276
N. Marena,196
N.Lawrence,50
Nashville,56
Natoma City,207
Natoma Twp,11
NBC 110,221
NBC 111,393
NE Baldwin 61 H43,282
NE Baldwin 61 H5,1401
NE/30,111
Nelson,95
Nemaha Township,105
Neodesha TWP,314
Neodesha Ward 1,289
Neodesha Ward 2,239
Neodesha Ward 3,224
Neodesha Ward 4,471
Neosho Twp.,85
Netawaka,134
Netawaka City,118
Neuchatel Township,81
Nevada,295
New Albany City,27
New Gottland Twp,394
New Strawn City,331
Newark TWP,154
Newbern,274
Newton 1-1,741
Newton 1-2,632
Newton 1-3,447
Newton 2-1,734
Newton 2-2,1568
Newton 3-1,629
Newton 3-2,1034
Newton 3-3,857
Newton 3-4,2063
Newton 4-1,822
Newton 4-2,1291
Newton 4-3,1017
Newton 4-4,422
Newton A9 AB-72,197
Newton A9 AB-74,39
Newton A9 CG-72,67
NF City,73
NF Twp,31
NF Twp/Piqua,166
NI,1914
NI01,371
Nickerson 69,278
Nickerson 70,158
Nickerson 71,206
Nicodemus Township,31
Ninnescah,843
Ninnescah 53,166
NO/33,487
Noble,401
Noble 2,38
Noble Twp,72
Noble Twp/Vermillion,75
North Arma,687
North Center,580
North East Liberty,2
North Elsmore Twp,92
North Fifth,1142
North Homestead Twp,93
North Iola Twp,196
North Marysvill H5 S23,140
North Marysville ENC H26 S23,5
North Marysville ENC H5 S23,8
North Marysville H5,345
North Marysville H6 S23,162
North Marysville H6 S37 Part A,252
North Mission - Mission,178
North Newton,1312
North Randall Twp,50
North Roscoe,33
North Sedan,558
North Striaght Creek,28
North Tecumseh - Tecumseh,647
North Tioga,349
North Twp,42
North Wea,545
Northeast Monmouth - Monmouth,741
Northeast Scott Township,363
Northwest Monmouth - Monmouth,540
Northwest Scott Township,501
Norton City1 - Prec 1,597
Norton City2 - Prec 2,660
Norton City3 - Prec 2,639
Norton Township,199
Nortonville City,384
Norway Twp,103
Norwich,325
NW Baldwin 60,1314
Oak Hill,20
Oak Township I,58
Oak Valley Township,76
Oakland,82
Oakley,187
Oakley City,1318
Oakley Twp.,140
Odee TWP,33
Odessa Township,17
Odessa Twp,40
Offerle City,124
OG/37,520
Ogallah Township,120
Ogden Twp,1223
OH01,1018
Ohio,157
Ohio 062,63
Ohio Twp,398
Oketo Twp,102
Oketo Twp/Oketo,46
Olathe 1-01,1431
Olathe 1-02,1144
Olathe 1-03,770
Olathe 1-04,1371
Olathe 1-05,1116
Olathe 1-06,1832
Olathe 1-08,2145
Olathe 1-09,1301
Olathe 1-11,1121
Olathe 1-13,925
Olathe 1-14,1045
Olathe 1-15,613
Olathe 1-16,1633
Olathe 1-17,523
Olathe 1-18,1439
Olathe 1-19,662
Olathe 1-20,350
Olathe 1-21,1610
Olathe 1-22,2320
Olathe 1-25,368
Olathe 1-26,11
Olathe 1-27,566
Olathe 2-01,664
Olathe 2-02,1102
Olathe 2-03,1018
Olathe 2-04,629
Olathe 2-05,1990
Olathe 2-06,1948
Olathe 2-07,1864
Olathe 2-08,1594
Olathe 2-09,874
Olathe 2-10,2501
Olathe 2-11,2272
Olathe 2-12,1390
Olathe 2-13,1037
Olathe 2-14,1001
Olathe 2-15,1383
Olathe 2-16,1066
Olathe 2-19,13
Olathe 2-21,582
Olathe 2-22,2360
Olathe 2-23,1355
Olathe 2-24,580
Olathe 3-01,773
Olathe 3-02,342
Olathe 3-03,712
Olathe 3-04,1346
Olathe 3-05,1570
Olathe 3-06,870
Olathe 3-07,896
Olathe 3-08,593
Olathe 3-09,785
Olathe 3-10,1385
Olathe 3-11,1538
Olathe 3-13,1329
Olathe 3-15,1119
Olathe 3-16,1337
Olathe 3-17,1630
Olathe 3-18,1213
Olathe 3-19,884
Olathe 3-20,997
Olathe 3-21,1468
Olathe 3-22,1139
Olathe 3-23,1173
Olathe 3-24,647
Olathe 3-25,1270
Olathe 4-01,1775
Olathe 4-02,1593
Olathe 4-03,1854
Olathe 4-04,1143
Olathe 4-05,1465
Olathe 4-06,1253
Olathe 4-07,1089
Olathe 4-08,1204
Olathe 4-09,1678
Olathe 4-10,1095
Olathe 4-11,853
Olathe 4-12,1911
Olathe 4-13,941
Olathe 4-14,1770
Olathe 4-15,182
Olathe 4-16,1387
Olathe 4-17,1317
Olathe Twp 0-01,503
Olathe Twp 0-02,2
Olathe Twp 0-03,79
Olathe Twp 0-04,5
Olathe Twp 0-05,28
Olathe Twp 0-08,2
Olathe Twp 0-09,2
Olathe Twp 0-10,15
Olathe Twp 0-11,9
Olathe Twp 0-13,9
Olathe Twp 0-14,4
Olathe Twp 0-16,31
Olathe Twp 0-18,4
Olathe Twp 0-19,10
Olathe Twp 0-20,3
Olathe Twp 0-21,17
Olathe Twp 0-24,2
Olathe Twp 0-26,5
Olathe Twp 0-32,48
Omnia,177
Oneida City,38
Only First,554
Only Fourth,805
Opolis,292
Orange Township,42
Orange Twp,32
Orlando Twp,44
OS/39,216
Osage,331
Osage-McCune,293
Osage Township,295
Osage Twp,194
Osawatomie City 1 H6,525
Osawatomie City 2 H5,667
Osawatomie City 3 H5,694
Osawatomie City 3 H5 EXC B,5
Osawatomie City 4 H5 S12,43
Osawatomie City 4 H6 S12,560
Osawatomie Twp H5,469
Osawatomie Twp H6 Part A,1
Osawatomie Twp H9,96
Osborne Twnshp,120
Osborne Ward 1,328
Osborne Ward 2,404
Osborne Ward 3,227
Oskaloosa City,697
Oskaloosa Township,771
Oswego City,1104
Otis City,195
Ottawa City Prct 1,862
Ottawa City Prct 2,1055
Ottawa City Prct 3,633
Ottawa City Prct 4,1810
Ottawa City Prct 6,671
Ottawa City Prct 7,1871
Ottawa City Prct 8,1704
Ottawa Twp,680
Otter,29
Otter Creek Twp,120
Ottumwa Twp.,236
Overland Park 1-01,1150
Overland Park 1-02,1398
Overland Park 1-03,1122
Overland Park 1-04,399
Overland Park 1-05,460
Overland Park 1-06,1213
Overland Park 1-07,1437
Overland Park 1-08,1259
Overland Park 1-09,735
Overland Park 1-10,1507
Overland Park 1-11,595
Overland Park 1-12,1493
Overland Park 1-13,919
Overland Park 1-14,1161
Overland Park 1-15,533
Overland Park 1-16,962
Overland Park 1-17,623
Overland Park 1-18,847
Overland Park 1-19,952
Overland Park 1-20,582
Overland Park 1-21,347
Overland Park 1-22,308
Overland Park 1-23,829
Overland Park 1-24,263
Overland Park 1-25,713
Overland Park 1-26,195
Overland Park 2-01,860
Overland Park 2-02,937
Overland Park 2-03,780
Overland Park 2-04,976
Overland Park 2-05,789
Overland Park 2-06,936
Overland Park 2-07,704
Overland Park 2-08,1217
Overland Park 2-09,939
Overland Park 2-10,2024
Overland Park 2-11,465
Overland Park 2-12,748
Overland Park 2-13,759
Overland Park 2-14,672
Overland Park 2-15,1149
Overland Park 2-16,749
Overland Park 2-17,1031
Overland Park 2-18,1600
Overland Park 2-19,710
Overland Park 2-20,613
Overland Park 2-21,709
Overland Park 2-22,908
Overland Park 2-23,812
Overland Park 2-24,862
Overland Park 2-25,679
Overland Park 2-26,867
Overland Park 2-27,557
Overland Park 2-28,576
Overland Park 3-01,1484
Overland Park 3-02,1123
Overland Park 3-03,744
Overland Park 3-04,1077
Overland Park 3-05,1214
Overland Park 3-06,1004
Overland Park 3-07,1118
Overland Park 3-08,856
Overland Park 3-09,1333
Overland Park 3-10,682
Overland Park 3-11,1097
Overland Park 3-12,1034
Overland Park 3-13,1914
Overland Park 3-14,1423
Overland Park 3-15,847
Overland Park 3-16,931
Overland Park 3-17,1561
Overland Park 3-18,1902
Overland Park 3-19,1312
Overland Park 3-20,1135
Overland Park 3-21,152
Overland Park 3-22,704
Overland Park 3-23,1028
Overland Park 4-01,1326
Overland Park 4-02,1194
Overland Park 4-03,1835
Overland Park 4-04,1538
Overland Park 4-05,1247
Overland Park 4-06,990
Overland Park 4-07,902
Overland Park 4-08,1050
Overland Park 4-09,950
Overland Park 4-10,749
Overland Park 4-11,1454
Overland Park 4-12,1824
Overland Park 4-13,1079
Overland Park 4-14,655
Overland Park 4-15,765
Overland Park 4-16,2178
Overland Park 4-17,1757
Overland Park 4-18,440
Overland Park 4-19,1460
Overland Park 4-20,540
Overland Park 4-21,840
Overland Park 5-01,1267
Overland Park 5-02,836
Overland Park 5-03,1250
Overland Park 5-04,1465
Overland Park 5-05,2137
Overland Park 5-06,1357
Overland Park 5-07,1579
Overland Park 5-08,2165
Overland Park 5-09,1565
Overland Park 5-10,524
Overland Park 5-11,1691
Overland Park 5-12,596
Overland Park 5-13,1224
Overland Park 5-14,1366
Overland Park 5-15,1846
Overland Park 5-16,765
Overland Park 5-17,525
Overland Park 5-18,1189
Overland Park 5-19,425
Overland Park 5-20,109
Overland Park 5-21,1171
Overland Park 6-01,1321
Overland Park 6-02,1115
Overland Park 6-03,1158
Overland Park 6-04,1511
Overland Park 6-05,1613
Overland Park 6-06,242
Overland Park 6-07,449
Overland Park 6-08,1184
Overland Park 6-09,730
Overland Park 6-10,368
Overland Park 6-11,1364
Overland Park 6-12,570
Overland Park 6-13,1305
Overland Park 6-14,1363
Overland Park 6-15,1816
Overland Park 6-16,852
Overland Park 6-17,264
Overland Park 6-18,1526
Overland Park 6-19,933
Overland Park 6-20,716
Overland Park 6-21,823
Overland Park 6-22,1458
Overland Park 6-23,2073
Overland Park 6-24,1434
Overland Park 6-25,36
Overland Twp,58
Oxford City,783
Oxford Twnshp,179
Oxford Twp 0-01,1
Oxford Twp 0-02,768
Oxford Twp 0-04,764
Oxford Twp 0-05,35
Oxford Twp 0-09,43
Oxford Twp 0-10,2
Oxford Twp 0-11,192
Ozark Twp,118
Ozawkie City,475
Ozawkie Township,749
PA01,202
PA02,265
PA05,2082
PA06,89
PA09,5
PA10,2
PA11,2
PA12,2
PA14,1862
PA15,342
PA16,17
PA17,1
Padonia Twp,145
Painterhood Township,31
Palacky,41
Palestine Twnshp,145
Palmer City,88
Paola City 1,1015
Paola City 2,992
Paola City 3,911
Paola City 4 S12,1302
Paradise City,27
Paradise Twp CC2,87
Paris Twp Precinct Pa00007,452
Parker City Precinct 400003,144
Parker Twp,837
Parker Twp 2 Enclave H11,3
Parkview,454
Parsons,6050
Partridge City 77,144
Pauline - Topeka,265
Paw Paw Township,92
Pawnee - Tecumseh,753
Pawnee Rock,239
Pawnee Township,296
Pawnee Twp,59
Paxton Twp.,22
Payne,170
PC11,209
PC13,449
PC16,2
PC17,2
PC18,392
PC19,161
PC21,1168
PC23,346
PC31,1125
PC32,245
PC41,693
PC43,497
PC44,51
PC45,278
Peabody City East,263
Peabody City West,393
Peabody Township East,66
Peabody Township West,76
Peck - Tecumseh,441
Penalosa,11
Penn Twp,86
Peoria Twp,554
Perry City,623
Perry Twp,72
Peters,84
Phillipsburg,205
PIERCEVILLE 122,298
Pioneer,35
Pioneer Township,24
Pioneer Twp,52
Pioneer Twsp.,42
Pittsburg 1p - 1w,840
Pittsburg 1p - 2w,464
Pittsburg 1p - 3w,654
Pittsburg 1p - 4w,315
Pittsburg 2p - 1w,1188
Pittsburg 2p - 2w,519
Pittsburg 2p - 3w,791
Pittsburg 2p - 4w,647
Pittsburg 3p - 1w,2351
Pittsburg 3p - 2w,690
Pittsburg 3p - 4w,915
Pittsburg 4p - 2w,516
Pittsburg 4p - 4w,615
Pittsburg 5p - 2w,943
Pittsburg 5p - 4w,1126
Pittsburg 6p - 4w,182
Pittsburg Township,63
PL Valley,643
Plains City,796
Plainview,19
Pleasant 110 Township,8
Pleasant 237 Township,17
Pleasant B1,355
Pleasant Grove Twp,46
Pleasant Township,87
Pleasant Twp - 77,1784
Pleasant Twp - 77 A,4
Pleasant Twp - 88,121
Pleasant Twp N 77,11
Pleasant Twp.,188
PLEASANT VALLEY 122,113
Pleasant Valley TWP,148
Pleasantdale Twsp.,22
Plevna 54,101
Plevna City 78,67
Plt. Grove Twp,126
Plt. Ridge Twp,35
Plt. Valley Twp,61
Plum,76
Plum Creek Township,98
PLYMELL 122,258
Plymouth Twp CC5,72
Pomona City,556
Pomona Twp,167
Ponca - Tecumseh,427
Portis City,79
Pottawatomie,499
Pottawatomie - Soldier,813
Pottawatomie Twp,316
Pottawatomie Twp.,130
Potwin/Plum Grove,412
Powell Twp.,21
Powhattan City,42
Powhattan Twp,465
Prairie Township,51
Prairie TWP,83
Prairie View,53
Prairie View City,95
Prairie Village 1-01,1422
Prairie Village 1-02,527
Prairie Village 1-03,1111
Prairie Village 2-01,1441
Prairie Village 2-02,734
Prairie Village 2-03,1097
Prairie Village 3-01,848
Prairie Village 3-02,1422
Prairie Village 3-03,882
Prairie Village 4-01,1092
Prairie Village 4-02,804
Prairie Village 4-03,1668
Prairie Village 5-01,936
Prairie Village 5-02,1136
Prairie Village 5-03,1588
Prairie Village 6-01,910
Prairie Village 6-02,1381
Prairie Village 6-03,899
Precinct 004,760
Precinct 01,746
Precinct 02,636
Precinct 03,834
Precinct 04,1299
Precinct 05,908
Precinct 06,825
Precinct 07,1045
Precinct 08,1063
Precinct 09,1098
Precinct 10,629
Precinct 10no,199
Precinct 10so,460
Precinct 11,600
Precinct 1101,491
Precinct 1102,353
Precinct 12,517
Precinct 13,801
Precinct 14,814
Precinct 15,383
Precinct 16,689
Precinct 17,689
Precinct 18,550
Precinct 19,1000
Precinct 1l101,406
Precinct 1l201,490
Precinct 20,832
Precinct 20no,502
Precinct 20so,491
Precinct 21,328
Precinct 22,172
Precinct 2201,147
Precinct 23,172
Precinct 24,983
Precinct 25,709
Precinct 26,300
Precinct 27,141
Precinct 28,471
Precinct 29,120
Precinct 29D,5
Precinct 30,725
Precinct 30no,600
Precinct 30so,221
Precinct 31,412
Precinct 32,524
Precinct 33,449
Precinct 34,14
Precinct 35,89
Precinct 36,446
Precinct 37,60
Precinct 4A,3
Precinct 4B,6
Precinct 4C,7
Precinct 61,620
Precinct 62,468
Precinct 63,562
Precinct 64,463
Precinct 6A,2
Precinct A100001,291
Precinct Ad3,8
Precinct Ag,112
Precinct AL,24
Precinct Al00001,596
Precinct Ar,89
Precinct AT,17
Precinct Av00001,282
Precinct Ba,149
Precinct BA,16
Precinct BE,48
Precinct Bg01no,486
Precinct Bg02so,125
Precinct Bl4,28
Precinct Bo5,26
Precinct CC,2
Precinct CE,41
Precinct CO,18
Precinct CU,25
Precinct DC,25
Precinct Dr,168
Precinct DR,43
Precinct El,677
Precinct Es00001,316
Precinct Es9,39
Precinct F100001,78
Precinct FI,30
Precinct Fx H54,383
Precinct Fx H76,113
Precinct G100001,115
Precinct GA,27
Precinct GR,11
Precinct Gr  H54,32
Precinct Gr H76,195
Precinct HA,16
Precinct Hv00001,136
Precinct JC,58
Precinct JE,24
Precinct Jt0mv H76,313
Precinct Jt0vas,592
Precinct JtOmva H54,72
Precinct K100001,211
Precinct Ke101,63
Precinct Ke102,66
Precinct LB,33
Precinct Le102,84
Precinct Le202,104
Precinct Le302,299
Precinct Li,126
Precinct LN,13
Precinct LO,26
Precinct Lo6,72
Precinct LY,12
Precinct M100001,417
Precinct M200001,188
Precinct M300001,437
Precinct Me,276
Precinct Mf00001,204
Precinct Mh00001,437
Precinct N100001,57
Precinct N100002,398
Precinct NC,107
Precinct OB,66
Precinct OC00001,514
Precinct OC00002,638
Precinct Ol,155
Precinct OL,43
Precinct P100001,283
Precinct Pa7,79
Precinct Pd8,51
Precinct PL,19
Precinct PR,28
Precinct Px00002,149
Precinct R100001,36
Precinct Rg0no,425
Precinct Rg0so,414
Precinct RO,12
Precinct SA,30
Precinct Sc,341
Precinct SH,18
Precinct Sh201,55
Precinct Soc,135
Precinct Spd,63
Precinct SU,21
Precinct Su H54,30
Precinct Su H76,172
Precinct Une,24
Precinct Vaf,80
Precinct Vb0no,276
Precinct Vb0so,143
Precinct W100001,451
Precinct W200001,64
Precinct W300001,126
Precinct Wsa,52
Prescott City Precinct 600011,158
Pretty Prairie Ward 1,479
Pretty Prairie Ward 2,3
Princeton City,189
Prospect Twp,871
Protection City #116,301
Protection Twp. #116,79
Protection Twp. #116-,42
Putnam 063,15
Putnam Twp,217
PY01,1111
QC01-01,38
Quincy Twp,94
Ramona,68
Randall City,47
Rantoul City,108
Raymond,571
Raymond Twp,104
Red Vermillion Township,86
Redfield City,86
Reeder Twp,208
Reilly Township,80
Reno North 55,1132
Reno South 56,187
Reno/Reno,1220
Republican,126
"Reserve City, Hamlin",53
Rexford City,147
RI/44 HR01,104
RI/Cen/46 HR01,47
RI/SE/45 HR01,33
RI01,31
RI03,369
RI06,182
RI07,929
RI13,5
RI14,47
RI15,501
RI16,4
RICH H6,109
Rich Twp,203
Richfield City,33
Richfield East,56
Richfield West,53
Richland,1779
Richland 065,35
Richland B6,297
Richland T/S,17
Richland Township,26
Richland Twp,1526
Richland Twp / Cuba,161
Richland Twp A,2
Richland Twp/Summerfield,52
Richmond City,283
Richmond Township,404
Richmond Twp,257
Ridge,116
Rinehart,169
Risley,173
River Twp,44
RIVERSIDE 122,918
Rk Creek,162
RO01,682
RO03,448
RO04,14
Robinson City,137
Robinson Twp,134
Rocewood,183
Rochester,53
Rochester - Soldier,705
Rock Creek,432
Rock Creek Township,1913
Rock Creek Twp,248
Rock Creek Twp.,261
Rock Twp,93
Rockville Twp,106
Roeland Park 1-01,864
Roeland Park 1-02,502
Roeland Park 2-01,682
Roeland Park 2-02,785
Roeland Park 3-01,482
Roeland Park 3-02,453
Roeland Park 3-03,399
Roeland Park 4-01,388
Roeland Park 4-02,552
Roeland Park 4-03,583
Rolla,89
Rolla City,259
Rosalia Twp,432
Roscoe 57,73
Rose Creek Twp / Munden,85
Rose Hill City,2696
Rose Hill City-Rockwood Falls,52
Rose Hill City-Sienna,308
Rose Valley 066,36
Ross Twp,69
Round Mound Twp,22
Round Springs Township,16
Rovohl Twp,124
Royal Twp,200
Rozel City,89
Rural,75
Rural Township,586
Rush Center City,102
Rushville,22
Russell City Ward 1 CC3,467
Russell City Ward 1 CC5,236
Russell City Ward 2 CC2,631
Russell CIty Ward 2 CC4,115
Russell City Ward 3 CC3,157
Russell City Ward 3 CC4,411
Russell City Ward 3 CC5,148
Russell City Ward 4 CC1,522
Russell City Ward 4 CC5,178
Russell Springs City,17
Russell Springs Twp.,26
Russell Twp CC2,25
Russell Twp CC3,10
Russell Twp CC4,16
Russell Twp CC5,23
Rutland Twp,242
Rutland Twp CC1,18
Ryan Twnshp,64
S Brown Twp,54
S Eudora 53 City,698
S Eudora 53 TwpB,968
S LaCygne City Precinct 200005,242
S Lincoln Precinct Ln00005,176
S Lockport,75
S Paola E2,152
S Paola W,252
S Pleasanton City Prec 500009,406
S Potosi Twp Precinct Po00009,256
S Salem Twp,74
S Seward 068,39
S Sharps Creek Twp,57
S St John 010,185
S Stafford 002,318
S. Marena,105
S.Lawrence,47
SA01,1564
SA02,775
SA03,56
SA04,36
SA05,377
Sabetha City - Ward 1,450
Sabetha City - Ward 2,488
Sabetha City - Ward 3,460
Sabetha City - Ward 4,338
"Sabetha City, Morrill Twp",5
Sac - Soldier,821
Salem,234
Salem Twp,206
Salt Creek,83
Salt Creek 58,255
Salt Creek Township,36
Salt Springs Twp,197
Sand Creek TWP,29
Santa Fe Twp,130
Satanta 1,149
Satanta 2H124,628
Savonburg City,58
Sawmill Twp,14
SBC 110,446
Scandia Twp / Scandia,312
Scott City Ward 1,515
Scott City Ward 2,724
Scott City Ward 3,656
Scott City Ward 4,861
Scott Township,25
Scott Twp,198
Scott Twp Precinct Sc00010,619
Scottsville,22
SE,119
SE Center,30
Sedgwick,932
Sedgwick B4,138
Sedgwick B4 East-72,95
Seneca City - Ward 1,355
Seneca City - Ward 2,552
Seneca City - Ward 3,597
Seventy-six Twnshp,207
Severance City Precinct,50
Severance Country Precinct,121
Severy City,154
Seward Township 1,40
Seward Township 2,55
Seward Township 3,26
SH,1421
Shannon,995
Shannon Twp,195
Sharon Township Prct20,232
Shawnee 1-01,1227
Shawnee 1-02,870
Shawnee 1-03,941
Shawnee 1-04,778
Shawnee 1-05,1576
Shawnee 1-06,1221
Shawnee 1-07,1394
Shawnee 1-08,2226
Shawnee 1-09,353
Shawnee 1-10,449
Shawnee 1-11,1146
Shawnee 1-12,12
Shawnee 1-13,881
Shawnee 2-01,791
Shawnee 2-02,1178
Shawnee 2-03,1348
Shawnee 2-04,1320
Shawnee 2-05,691
Shawnee 2-06,835
Shawnee 2-07,867
Shawnee 2-08,802
Shawnee 2-09,719
Shawnee 2-10,723
Shawnee 2-11,881
Shawnee 2-12,542
Shawnee 2-13,517
Shawnee 3-01,957
Shawnee 3-02,1072
Shawnee 3-03,1567
Shawnee 3-04,1529
Shawnee 3-05,131
Shawnee 3-06,1547
Shawnee 3-07,1903
Shawnee 3-08,1368
Shawnee 3-09,1563
Shawnee 3-10,925
Shawnee 3-11,1714
Shawnee 3-12,611
Shawnee 4-01,1363
Shawnee 4-02,897
Shawnee 4-03,656
Shawnee 4-04,935
Shawnee 4-05,1674
Shawnee 4-06,1120
Shawnee 4-07,1483
Shawnee 4-08,491
Shawnee 4-09,2083
Shawnee 4-11,1014
Shawnee 4-12,254
Shawnee 4-13,272
Shell Rock Twp,121
Sheridan,227
Sheridan-Cherokee City,90
Sheridan Precinct,69
Sheridan Twp,67
Sheridan Twp Precinct Sh00011,193
Sherman,642
Sherman - Soldier,701
Sherman Precinct,105
Sherman Twp,606
Shermanville Township,25
Sherwood - Mission,561
Shiley Twp,20
Shiloh,217
Shirley,101
Silv Creek,410
Silverdale,259
Simpson,51
Sinclair Township,40
Sioux - Soldier,635
Sitka,39
Smelter,455
Smith Center City I,432
Smith Center City II,515
Smith Center City III,257
Smoky Hill Twp,248
Smoky Hill Twp Precinct 2,7
Smoky Hill Twp Precinct 3,145
Smoky Hill Twp Precinct 4,113
Smoky Hill Twp Precinct 5 H65,236
Smoky Hill Twp Precinct 5 H68,44
Smoky Hill Twp Precinct 6 H68,51
Smoky Township,51
Sodville Twp,69
Soldier,197
Soldier City,70
Solomon,75
Solomon City,688
Solomon Rapids Township,57
Solomon Township,37
Solomon1 - Prec 1,83
Solomon2 - Prec 1,32
South Arma,686
South Baldwin 62,1413
South Bend Twp,421
South Center,296
South Collyer Township,24
South Elsmore Twp,64
South Fifth,664
South Haven City,246
South Haven Twnshp,142
South Homestead Twp,259
South Hutch #1,511
South Hutch #2,734
South Hutch #3,475
South Iola Twp,402
South Marysville H6,1135
South Mission - Mission,500
South Monmouth - Monmouth,932
South Ogallah Township,68
South Roscoe,45
South Scott Township,1077
South Sedan,403
South Sherwood - Mission,584
South Tecumseh - Tecumseh,587
South Tioga East,207
South Tioga West Enclave B,10
South Tioga West Enclave C,1
South Tioga West Enclave H2,18
South Tioga West Enclave H7,2
South Tioga West H7,87
South Tioga West Part A H2,20
South Wakarusa 69A,876
South WaKeeney Township,52
South Wea,1175
South Wea Township ENC A,28
Southside Twp,115
Sp Creek,41
Spearville City,576
Spearville Twp,294
Speed City,31
Spivey,44
Spring Creek Twp,132
Spring Creek Twp.,93
Spring Hill 0-01,1896
Spring Hill 0-03,706
Spring Hill 0-04,3
Spring Hill 0-05,347
Spring Hill 0-08,204
Spring Hill 0-09,1005
Spring Hill City 1 H26,2119
Spring Hill City 2 H6,1
Spring Hill City 3 EXC B,164
Spring Hill Twp 0-01,445
Spring Hill Twp 0-02,2
Spring Hill Twp 0-03,125
Spring Hill Twp 0-04,22
Spring Hill Twp 0-05,26
Spring Hill Twp 0-07,384
Spring Hill Twp 0-08,2
Spring Hill Twp 0-09,1
Spring Hill Twp 0-10,623
Spring Hill Twp 0-11,3
Spring Hill Twp 0-12,5
Spring Twp,1143
Spring Valley Twp,189
Springdale Twnshp,274
Springdale/Alex,668
St Bridget Twp,68
St Bridget Twp/Summerfield,53
St Clere Twp,44
St Creek,90
St Francis,1367
St George H51,2197
St George H61,872
St Marys City,1845
St Marys Twp,795
STAN H5 S12,643
STAN H6,55
Stanton,756
Stanton Twp,36
Stanton Twp Precinct St00012,137
Star Twp.,126
Stateline Township,41
Sterling,85
Sterling East Ward,936
Sterling Twp,141
Sterling West Ward,600
Stinson Creek - Tecumseh,269
Stranger/Stranger H38,765
Stranger/Stranger H42,500
Strawberry Precinct,82
Sublette 1,703
Sublette 3H122,5
Sublette 3H124,376
Sugar Creek H6 S12,256
Sugar Creek H9,207
Summers Twp,127
Summit,158
Sumner,30
Sumner 59,459
Sumner Twnshp,85
Sumner Twp,42
Sun City Township Prct21,42
Sunflower - Mission,1128
Superior Twp,225
Swan Township,24
Swede Crk Twp,118
Sycamore Twp A,3
Sycamore Twp B,4
Sycamore Twp H11,613
Sylvan Grove City,186
Sylvia 60,48
Sylvia City 80,127
Syracuse 1,247
Syracuse 2,182
Syracuse 3,230
Syracuse 4,96
Syracuse 5,279
Talleyrand TWP,94
Taloga,84
Tampa,80
Ten Mile,1262
Tescott City,161
The Highlands 83,310
THEONI 122,95
Thomas,52
Tilden Twp,52
Timberhill Township,122
Timken City,41
Tipton,140
Tisdale,241
Toledo,236
Tonganoxie NO,2747
Tonganoxie Rural,2116
Tonganoxie SO,1313
Toronto City,171
Toronto Twp,198
Towanda,22
Towanda City/Towanda Twp,1924
Towanda Twp A,2
Towanda Twp C,3
Township #1,127
Township #10,124
Township #11-1,375
Township #11-2,1158
Township #12,114
Township #2,286
Township #3-1,68
Township #3-2,852
Township #4,24
Township #5,52
Township #6,69
Township #7,148
Township #8,225
Township #9,31
Township Eight,137
Township Five,431
Township Four,144
Township Nine,234
"Township One, Pct 1",222
"Township One, Pct 2",146
Township Seven,163
Township Six,79
Township Three,307
Township Two,535
Trenton Twp,58
Tribune City,562
Tribune Township,254
Trivoli,31
Troy 61,93
Troy City Precinct,627
Troy Country Precinct,510
Turkey Creek Township,75
Turkey Creek Twp,196
Turkey Creek Twp Prct22,13
Turon City 81,214
Twin Grove Twp,203
TWP - Cambria H71,316
TWP - Dayton H71,97
TWP - Elm Creek H107,443
TWP - Elm Creek H71,313
TWP - Eureka H69,458
TWP - Falun H69,198
TWP - Glendale H107,76
TWP - Greeley 2 H71,16
TWP - Greeley 3 H71,6
TWP - Greeley 4 H71,4
TWP - Greeley H71,615
TWP - Gypsum H69,129
TWP - Liberty H69,132
TWP - Ohio H107,219
TWP - Ohio H69,61
TWP - Pleasant Valley H107,271
TWP - Smoky Hill H107,147
TWP - Smoky Hill H69,35
TWP - Smoky Hill H69 Enclave,2
TWP - Smoky Hill H69 Enclave B,2
TWP - Smoky Hill H71 Exclave,7
TWP - Smoky View H69,659
TWP - Smolan H69,558
TWP - Solomon H71,261
TWP - Spring Creek H107,73
TWP - Spring Creek H69,204
TWP - Walnut H69,418
TWP - Washington H107 (307),5
TWP - Washington H69 (307),78
TWP - Washington H69 (400),26
Twp 1,200
Twp 10,40
Twp 10 Coats City,59
Twp 11 H114,91
Twp 11 H116,54
Twp 11 Sawyer City,66
Twp 12 H114 NE,32
Twp 12 H114 SE,347
Twp 12 H116 NW,61
Twp 12 H116 SW,244
Twp 2,54
Twp 3 East,97
Twp 3 West,118
Twp 4,109
Twp 5 East,208
Twp 5 West,85
Twp 6,250
Twp 6 East,139
Twp 6 Preston City,65
Twp 6 West,63
Twp 7 H114,46
Twp 7 H116,33
Twp 7 Iuka City,92
Twp 8,67
Twp 8 Byers City,24
Twp 9-2,61
Twp 9-3,77
Twp 9 Cullison City,57
UN01,1794
UN02,313
Union,292
Union 071,16
Union Center Township,62
Union Precinct,15
Union Township,40
Union Twp,904
Union Twsp.,40
Uniontown City,196
Urban Hills - Soldier,18
VA,793
Valley,194
Valley 110 Township,41
Valley 110 Township (Old 324),3
Valley 237 Township,3
Valley Center Twp,25
Valley Falls City,721
Valley H101,5
Valley H114,581
Valley Township,33
Valley Township Prct23,96
Valley Twp,318
Valley Twp Precinct Va00013,85
Valley Twp/Holyrood,301
Valverde Twnshp H80,91
Vaquero - Mission,454
VC11,1210
VC21,1152
VC31,1110
VC32,40
VC33,5
VC41,1196
VC42,333
VC44,14
Verbena - Mission,113
Verdigris TWP,111
Vermillion Twp/East,79
Vermillion Twp/East/Frankfort,268
Vermillion Twp/West,66
Vermillion Twp/West/Frankfort,254
Vernon,306
Vesper Township,66
VI,363
Vicksburg Township,21
Victor Twp,12
Victoria Twp,241
Vienna Twp,75
Vining,25
Vining City,2
Vinita,187
Vinland H117,563
Vinland H43,119
Vinland H5,293
Virgil City,42
Voltaire Township,134
Voorhees,117
VTD 000010 - Baxter Springs W1,593
VTD 000010 - Harrison Twp,46
VTD 000020 - Baxter Springs W2,616
VTD 000020 - Sharon Springs P1,234
VTD 000020 - SS Twp P3,36
VTD 000030 - Baxter Springs W3,1111
VTD 000030 - Sharon Springs P2,326
VTD 000030 - SS Twp P4,124
VTD 000040 - Wallace City,37
VTD 000040 - Wallace Twp,82
VTD 00004A - Baxter Springs W4,784
VTD 000050 - Cherokee,264
VTD 000050 - Weskan Twp,253
VTD 000060 - Columbus W1,359
VTD 000070 - Columbus W2,508
VTD 000080 - Columbus W3,444
VTD 000090 - Columbus W4,437
VTD 00010A - Columbus W5,397
VTD 000110 - Crawford,484
VTD 000120 - Galena W1,578
VTD 00013A - Galena W2,454
VTD 000140 - Galena W3,673
VTD 00015A - Galena W4,407
VTD 000170 - Garden / Lowell,1639
VTD 00018A - Garden / St Mines,542
VTD 000190 - Lola,226
VTD 000200 - Lowell,534
VTD 000210 - Lyon / Lyon,260
VTD 000220 - Mineral,149
VTD 000230 - Neosho / Faulkner,77
VTD 000240 - Neosho / Melrose,118
VTD 000250 - Pleasant View,430
VTD 000270 - Ross / Belleview,134
VTD 000280 - Ross / Roseland,176
VTD 000290 - Ross / W Mineral,185
VTD 00030A - Salamanca,420
VTD 000310 - Scammon W1,81
VTD 000320 - Scammon W2,110
VTD 000330 - Scammon W3,108
VTD 000340 - Shawnee,385
VTD 000350 - Sheridan,153
VTD 000360 - Sp Vly / Neutral,496
VTD 00037A - Sp Vly / Sp Vly,371
VTD 180010 - Weir City,428
W BU 110,342
W Cooper 056,48
W Eudora 50 City,1601
W FR 110,302
W Hibbard Twp,30
W Sawlog,29
W St John 004,296
W Wakarusa  66 H117,387
W Wakarusa 66 H44,3
W Wakarusa 66 H47,294
W. Center,78
W. Sibley,68
W.Meredith,13
WA/48,549
WA01,87
WA02,365
WA03,14
WA05,1
WA08,2
WA09,3
WA11,2
WA12,2
WA13,38
Wakarusa - Williamsport,716
WaKeeney City Central,419
WaKeeney City East,404
WaKeeney City West,440
WaKeeney Township,257
Wakefield,615
Waldo City,30
Waldo Twp CC2,37
Waldo Twp CC3,12
Waldron City,7
Walker Twp,286
Walnut,1015
Walnut-Albert Twp,154
Walnut-Hepler,40
Walnut-Olmitz Twp,120
Walnut 63,83
Walnut Creek Township,33
Walnut Enclave,6
Walnut Grove,260
Walnut Township,185
Walnut Twp,399
Walnut Twp 12,250
Walnut Twp 77,323
Walnut/Stranger H38,592
Walnut/Stranger H42,401
Walton,154
Walton A5,213
Walton Twnshp,136
Wamego City H51,3203
Wamego Twp H51,424
Wamego Twp H61,229
WARD 01 122-E,272
WARD 01 123-B,397
WARD 02 122,1135
WARD 02 123,21
WARD 03 123,1083
WARD 04 123,519
WARD 05 123,1649
WARD 06 122-A,228
WARD 06 122-B,4
WARD 06 122-C,531
WARD 06 123-F,982
WARD 07 123,711
WARD 08 123-F,1451
WARD 09 123,805
Ward 1,2776
Ward 1 Exclave City Lake,2
Ward 1 Precicnt 1,997
Ward 1 Precinct 1,574
Ward 1 Precinct 2,1682
Ward 1 Precinct 2 H65,315
Ward 1 Precinct 2 H68,113
Ward 1 Precinct 3 H65,297
Ward 1 Precinct 3 H68,297
Ward 1 Precinct 4,997
Ward 1 Precinct 5 H65,209
Ward 1 Precinct 5 H68,427
Ward 1 Precinct 6 H65,555
Ward 1 Precinct 6 H68,425
Ward 1 Precinct 7 H65,413
Ward 1 Precinct 7 H68,687
Ward 1 Precint 3,1066
WARD 10 123,595
WARD 11 123,850
WARD 12 123,762
WARD 13 123,696
WARD 14 123-A,317
WARD 14 123-B,629
WARD 15 123-A,637
WARD 15 123-B,646
WARD 16 123,1076
Ward 2,3772
Ward 2 Precinct 1 H65,140
Ward 2 Precinct 1 H68,108
Ward 2 Precinct 2,588
Ward 2 Precinct 3,121
Ward 2 Precinct 4,90
Ward 2 Precinct 5,538
Ward 2 Precinct 6,393
Ward 2 Precinct 7,902
Ward 2 Precinct 8,321
Ward 3,4304
Ward 3 Exclave Industrial Park,6
Ward 3 Precinct 1 H65,193
Ward 3 Precinct 1 H68,193
Ward 3 Precinct 2,787
Ward 3 Precinct 3,930
Ward 3 Precinct 4,420
Ward 4,586
Ward 4-1 H114 Comm 1,380
Ward 4-2 H114 Comm 2,384
Ward 4 Precinct 1,587
Ward 4 Precinct 2 H65,361
Ward 4 Precinct 2 H68,58
Ward 4 Precinct 3,900
Ward 4 Precinct 4,887
Ward 5,583
Ward 5 College H114,34
Ward 5 H116,679
Ward 6 Precinct 1,1477
Ward 6 Precinct 2,1223
Ward Four,846
Ward I,703
Ward II,567
Ward III,534
Ward III/Comm1,4
Ward One,812
Ward Pct 0101,496
Ward Pct 0102,485
Ward Pct 0103,415
Ward Pct 0104,586
Ward Pct 0105,842
Ward Pct 0106,949
Ward Pct 0107,3
Ward Pct 0109,2
Ward Pct 0201,546
Ward Pct 0202,432
Ward Pct 0203,437
Ward Pct 0204,427
Ward Pct 0205,374
Ward Pct 0206,495
Ward Pct 0207,357
Ward Pct 0208,421
Ward Pct 0209,553
Ward Pct 0210,519
Ward Pct 0211,436
Ward Pct 0301,512
Ward Pct 0302,408
Ward Pct 0303,474
Ward Pct 0304,469
Ward Pct 0305,350
Ward Pct 0306,376
Ward Pct 0307,532
Ward Pct 0308,430
Ward Pct 0309,616
Ward Pct 0310,61
Ward Pct 0401,478
Ward Pct 0402,701
Ward Pct 0403,399
Ward Pct 0404,678
Ward Pct 0406,591
Ward Pct 0407,370
Ward Pct 0408,529
Ward Pct 0409,508
Ward Pct 0410,540
Ward Pct 0411,141
Ward Pct 0414,58
Ward Pct 0415,327
Ward Pct 0501,436
Ward Pct 0502,487
Ward Pct 0503,451
Ward Pct 0504,454
Ward Pct 0505,527
Ward Pct 0506,447
Ward Pct 0507,421
Ward Pct 0508,363
Ward Pct 0509,685
Ward Pct 0510,713
Ward Pct 0511,668
Ward Pct 0514,431
Ward Pct 0515,196
Ward Pct 0591,218
Ward Pct 0601,481
Ward Pct 0602,593
Ward Pct 0603,511
Ward Pct 0604,636
Ward Pct 0605,517
Ward Pct 0606,425
Ward Pct 0607,413
Ward Pct 0608,667
Ward Pct 0609,1411
Ward Pct 0701,470
Ward Pct 0702,524
Ward Pct 0703,549
Ward Pct 0704,543
Ward Pct 0705,420
Ward Pct 0706,403
Ward Pct 0707,435
Ward Pct 0709,359
Ward Pct 0710,426
Ward Pct 0711,618
Ward Pct 0801,477
Ward Pct 0802,494
Ward Pct 0803,557
Ward Pct 0804,554
Ward Pct 0805,739
Ward Pct 0806,386
Ward Pct 0807,493
Ward Pct 0808,428
Ward Pct 0809,525
Ward Pct 0810,395
Ward Pct 0811,573
Ward Pct 0901,135
Ward Pct 0902,436
Ward Pct 0903,702
Ward Pct 0904,567
Ward Pct 0905,596
Ward Pct 0906,624
Ward Pct 0908,910
Ward Pct 0909,396
Ward Pct 0910,861
Ward Pct 0911,440
Ward Pct 0912,274
Ward Pct 1001,564
Ward Pct 1002,406
Ward Pct 1003,825
Ward Pct 1004,535
Ward Pct 1005,474
Ward Pct 1006,407
Ward Pct 1007,529
Ward Pct 1008,501
Ward Pct 1009,362
Ward Pct 1010,554
Ward Pct 1011,821
Ward Pct 1013,60
Ward Pct 1014,570
Ward Pct 1101,387
Ward Pct 1102,503
Ward Pct 1103,443
Ward Pct 1104,636
Ward Pct 1105,526
Ward Pct 1106,545
Ward Pct 1107,565
Ward Pct 1108,512
Ward Pct 1109,570
Ward Pct 1110,372
Ward Pct 1201,586
Ward Pct 1202,526
Ward Pct 1203,532
Ward Pct 1204,601
Ward Pct 1205,508
Ward Pct 1206,707
Ward Pct 1207,748
Ward Pct 1208,615
Ward Pct 1209,973
Ward Pct 1211,866
Ward Pct 1213,586
Ward Pct 1214,546
Ward Pct 1215,919
Ward Pct 1216,1067
Ward Pct 1217,8
Ward Pct 1219,114
Ward Pct 1220,723
Ward Pct 1231,421
Ward Pct 1301,2
Ward Pct 1302,284
Ward Pct 1305,47
Ward Pct 1306,203
Ward Pct 1308,12
Ward Pct 1309,168
Ward Pct 1312,974
Ward Pct 1321,152
Ward Pct 1322,136
Ward Pct 1330,358
Ward Pct 1401,928
Ward Pct 1402,837
Ward Pct 1403,449
Ward Pct 1404,1119
Ward Pct 1405,504
Ward Pct 1501,868
Ward Pct 1502,544
Ward Pct 1503,75
Ward Three,526
Ward Two,597
Waring,66
Washburn - Mission,830
Washington,353
Washington City Precinct,650
Washington Precinct,144
Washington Township,312
Washington Twp,370
Washington Twp / Republic,49
Waterville Twp,85
Waterville Twp/Waterville,475
Wathena City Precinct,832
Wathena Country Precinct,180
Waverly City,367
Wayne Precinct,135
Wayne Twp,60
WBC 110,98
WBC 111,4
WD 10,3
WD 1E,490
WD 1W,332
WD 2C,425
WD 2E,491
WD 2S,632
WD 2W,373
WD 3,601
WD 3S,167
WD 4,197
WD 5E,851
WD 5W,392
WD 6,799
WD 6A,238
WD 7,489
WD 7A,2
WD 8,36
WD 9,23
Webber City,23
Webster Township,42
Webster TWP,20
Welda Twp,218
Wellington City 1,2156
Wellington City 2,3311
Wellington Lake Exclave,2
Wellington Twnshp H 80,80
Wellington Twnshp H79,166
Wellington Twnshp H80 Pt A,6
Wellington Twnshp H80 Pt B,1
Wellington Twnshp H80A,17
Wells Twp,96
Wellsville City,1298
Wendell Twp,46
West Branch,311
West Center,101
West Cherry Twp,221
West Cottonwood Falls,294
West Ellsworth,521
West Elm Twp,403
West Erie Twp,511
West Eudora 50 Twp,69
West Fairview,546
West Falls,69
West Lincoln,127
West Marion Township,106
West Middle Creek,637
West Morgan Twp,287
West Plains TWP,99
West Potter - Topeka,103
West Rossville - Rossville,554
West Sarcoxie Township,141
West Second,798
West Silver Lake - Silver Lake,542
West Strong,20
West Strong City,45
West Third,1618
West Union Township,40
West Valley 6,454
West Valley EXC H6,290
West Valley Exclave H9,40
West Washington Twp,101
West Wichita - Soldier,584
Western Twp.,23
Westminster 64,74
Westola,44
Westphalia City,91
Westphalia Twp,138
Westwood 0-01,829
Westwood 0-02,657
Westwood Hills 0-01,338
Wetmore City,210
Wetmore Township,95
Wheatland,106
Wheatland Twp,150
White Cloud City Precinct,95
White Cloud Country Precinct,59
White Rock Township,23
White Rock Twp,70
White Rock Twp Ward 7,10
White Township Part A,161
White Township Part B,106
Whitemound Township,25
Whitewater/Milton - 72,517
Whitfield - Soldier,601
Whiting,112
Whiting City,135
Wilburn Twp,56
Wildcat Township,123
Wildcat Twp,660
Wildhorse Township,49
Willard - Dover,502
Williamsburg City,222
Williamsburg Twp,262
Willis City,22
Willow Springs 67 H117,24
Willow Springs 67 H5A,740
Willow Springs 67 H5B,372
Willow Springs 67 H5C,106
Willowbrook 82,83
Willowdale,202
Willowdale 1,27
Wilmore City,30
Wilson,148
Wilson City,521
Wilson Twp,175
Wilson Twp Ward 8,47
Winchester City,319
Windom City,71
Windsor,97
Winfield Twp,18
Wingfield,134
Winona City,138
Winona Twp.,48
Winterset Twp CC1,44
Woodbine City,121
YC #1,484
YC #2,403
Yoder H114,406
York - Mission,672
York 072,33
York Outer - Mission,72
Yucca - Mission,256
Zeandale Twp,265
Zenda,44
