polling_place_text_name,Count
-wilson County Courthouse - Townships,1019
01 Lawrence-Douglas County Health Department,780
01/02 McKenzie Center,1516
02/03/07 Carnegie Building,2381
03/04 Carver Center,1368
04/05/42 Doubletree Hotel - Convention Center,2674
05 St Johns Msn Bapt Ch,1721
06 First Presbyterian Ch,1019
06/13 American Legion,2134
07/08 Kenwood Hall,2521
08/40 Trinity Lutheran Church,1828
09/21 University Community of Christ Church,1246
1 Fairgrounds. -Pct. 4 & 5,2029
10 Burge Union,344
10 Fairgrounds - Pct. 23 & 23 Ex,1551
10 VFW Building,1636
11 Christ Covenant Reformed Presbyterian Church,863
11 Fairgrounds - Pct. 24 & 25,1682
11/12/13 Trinity Lutheran Ch Hl,1352
"12 Fairgrounds - Pct. 26, 26 Ex & 29",1149
12/23/24 First Baptist Church,3030
12th Street Community Center,3966
13 Fairgrounds - Pct. 30 & 31,1153
"14 Fairgrounds - Pct. 32, 33 & 35",789
14 First Baptist Church,942
14/17 First Presbyterian Church,3546
"15 Fairgrounds - Pct. 1, 2 & 3",1560
15 Immanuel Lutheran Church,1375
15/21/22 First Ch of the Nazarene,2300
151st Street Church of Christ,3550
16- Fairgrounds- Pct. 27 & Clay North,1345
16/27 First Covenant Ch,1471
16/46 Arterra Event Gallery,3359
17 Church of the Cross,2432
18/19/20 St Mary's Parish Center,3232
18/48 Rev City Church,3196
19 Brandon Woods - Smith Center,1304
1st Baptist Church,954
1st Southern Baptist,1076
"2 Fairgrounds - Pct. 6, 7 & 8",1831
20/71 First Southern Baptist Church,3691
22/76 Connect Church,1473
23 Ray Avenue Baptist Ch,1347
24/28/29 Trinity United Meth Ch,2015
24th District Courthouse,1925
25/26 Central United Methodist Church,1572
25/26 Redeemer Lutheran Ch,1665
27/28 Redemption Hill Church,1694
29 Checkers Food Store,879
3 Fairgrounds - Pct. 9 & 10,1999
30/31 Sa Area Tech College,1557
30/32 Dg Co Human Services Building,1921
31 Southside Church of Christ,1099
33 Vintage Church,830
34 Haskell Light,686
35 E. Lawrence Rec Center,1172
36/37/38/77 Flory Meeting Hall - Fairgrounds,4795
38/65 Cornerstone Community Church,412
39 Cider Gallery,1066
4-H Building-Highland 2-08.01/08.05,84
4-H Building-Sandcreek-10.4/10.06,17
4-H Building-Solomon 1-10.3/10.7,41
4-H Building-Solomon 2-11.01/11.02,32
4-h Building Belle Plain 10.01/10.02,25
4-H Building City,2630
4-H Building Rural,4081
4-H Building Ward 1.1,597
4-H Building Ward 2.2,660
4-H Building Ward 3.2,639
4 Fairgrounds - Pct. 11 & 12,1726
"4 H Building, Sheridan Co",1527
41 Lawrence Union Pacific Depot (Visitor Center),1727
43/70 Theatre Lawrence,2353
44/64 Lawrence Heights Church,1427
45/49 St Margaret's Episcopal Church,3905
47 Good Shepherd Lutheran Church,672
4H Community Building,939
4H/Senior Citizens Center,2047
5 Fairgrounds - Pct. 13 & 14,1542
50/54 Eudora Community Center,2967
51 Clinton Presbyterian Church,586
52 Eudora City Hall,735
53 Eudora Baptist Church,1666
55 Grant Twp Comm Center,287
56 Kanwaka Twp Hall,1307
57/58 Lecompton Community Building,1239
59 Marion Twp Hall,691
6 Fairgrounds - Pct. 15 & 16,1653
60/62 Lumberyard Arts Center,2727
61 Lighthouse Baptist Church,1683
63 Vinland Valley Community Church,975
66/69 1st Church of the Nazarene,1560
67 Willow Springs Twp Hall,1242
7 Fairgrounds - Pct. 17 & 18,1300
74 Sports Pavilion Lawrence,2937
8 Fairgrounds - Pct. 19 & 20,1350
9 Fairgrounds - Pct. 21 & 22,2920
920 Building,820
Abbyville Community Center,132
Abdallah Shriners,1398
AbilityPoint,4740
Admin Bldg Fair Grounds,2116
Admire Community Center,344
Advent Lutheran Church,3479
Agra Community Center,322
Air Terminal,1747
Aldersgate United Methodist Church,2058
Alexandria Twp Fire Stat.,668
Alford Library,2730
Alma Community Center,1480
Almena Community Center,354
"Almena Community Center-Harrison-04.10,04.11",10
Alvin E Morris Admin Center,3329
American Legion 153 of Olathe,2201
American Legion 370 of Overland Park,2051
American Legion Building,154
"American Legion Hall, Glen Eld",388
Andale High School,1421
Anderson Co Annex,819
Anderson County Community Bldg,2095
Andover St. Vincent's,5875
Annunciation Cigna Center,1027
Antioch Church,3049
Arcadia Community Center,340
Argonia Community Bldg,735
Arlington Community Center,531
Arts and Heritage Center,9476
Asbury United Methodist Church,6424
Ascend Church,6259
Ascension Lutheran,2733
Ashland City Library,917
Ashland Community Center,127
Atonement Lutheran Church,2926
"Attica Memorial Bldg.(Attica, Twp1)",557
Atwater Community Center,1920
Auburn Civic Ctr,1593
Auburn Comm Ctr,776
Augusta 1st United Methodist,4431
Augusta First Baptist,4927
Axtell American Legion,557
Barber County Ambulance Building,957
Barber County Annex Building,1952
Barnes Fire House,269
Bartlett Community Church,372
Basehor United Methodist Church,2068
Bel Aire City Building,2770
Bel Aire Rec Center,3970
Belle Plaine Community Center,2479
Belpre Community Bldg,146
Bennington Fire/EMS Station,1004
Bentley Senior Center,815
Berean Baptist,2964
Bern Comm Bldg - Bern City,131
Bern Comm Bldg - Gilman,118
Bern Comm Bldg - Nemaha,105
Bern Comm Bldg - Oneida City,38
Bern Comm Bldg - Washington,171
Berryton UMC,1586
Bethany Church of the Nazarene,950
Bethany Community Center,4270
Bethany Cottages,613
Bethel Baptist Ch,855
Bethel Comm Ch,552
Bethel Seventh-Day Adventist,1033
Bible Temple Baptist Church,1857
Big Creek Methodist Chapel,371
Bishop PDC,1771
Bison Community Center,321
Blue Mound Sr. Center,338
Blue Valley Library,2627
Blue Valley Methodist Church,1717
Blue Valley Recreation Center,1302
Bolton Township Building,1002
Bonner Springs Church of Nazarene,1624
Bonner Springs Family YMCA,3596
Boston Rec Center,3411
Brewster Pl,511
Bronson Community Bldg.,301
Buck Creek School,586
Bucklin Library,680
Buhler Wellness Center,1328
Bunker Hill Fire Dept,396
Burden City Bldg,617
Burlingame Schuyler Community Center,1438
Burns Community Center,235
Burr Oak Community Center,412
Burrton Fire-EMS Station,927
CA/DA Peace Luth Parsh Church,413
Cadmus Grange Hall,619
Caldwell Community Bldg 1,1089
Calvary Baptist Church,7975
Calvary Chapel Fellowship,2142
Caney City Hall - W1 P1,296
Caney City Hall - W1 P2,2
Caney City Hall - W1 P2 Exc A,2
Caney City Hall - W2 P1,272
Caney City Hall - W3 P2,5
Caney City Hall - W4 P1,349
Caney City Hall W3 P1,311
Canton Community Center,732
Capitol Cty Comm Ch God,2182
Carbondale Community Bldg,1826
Carlton City Bldg,425
Cassoday Community Church,418
Castleton Township Hall,228
Catholic Parish Center,2271
Cawker City Clerk's Office,368
Cedar Creek Swim and Racquet Club,2570
Cedar Roe Library,1722
Celebration Centre,2607
Center Bethel Church,296
Center Christian Church,455
CenterPointe Community Church,3163
Centerville Comm. Bldg.,340
Central Christian Church,11316
Central Park Comm Ctr,1727
Central Resource Library,7778
Centralia Area Comm Bldg - Centralia-Home,279
Centralia Area Comm Bldg - Centralia-Illinois,45
Centralia Area Comm Bldg - Home,110
Centralia Area Comm Bldg - Neuchatel,81
Centropolis Township Hall,370
Ch of Jesus Christ LDS,2381
Chapel Oaks SDA Church,6737
Chase County Community Building,1838
Chase Senior Center,563
Cheney Baptist Church,2349
Cherokee Snr Ctr,812
Cherokee Twp Hall (formally Clymore School),278
Chicopee Community Center,1275
Chisholm Trail Church of Christ,3283
Christ Community Church Leawood,2461
Christ Community Church of the Nazarene,2373
Christ Community Church Olathe,3219
Christ Luth Ch,1368
Christ Lutheran Church,1914
Christian Church (Sedgwick),1165
Church of Christ - Twp #10,99
Church of Christ - Twp #11,211
Church of Christ - Twp #12,684
Church of Christ - Twp #6,315
Church of Christ - Twp #7,171
Church of Christ - Twp #8,91
Church of Christ - Twp #9,195
Church of Christ Hall,5470
Church of Jesus Christ of LDS,2633
Church Of The Harvest,1538
Church of the Magdalen,3032
Church Of The Nazarene,2542
Church of The Open Door,4315
Church of the Resurrection Leawood,6979
Church of the Resurrection West,4205
Cimarron 1 4-H Bldg,436
Cimarron 2 4-H Bldg,1257
Circle Grove School,1118
Circleville Christian Church,376
Citizen Potawatomi,1233
City Center Church,5083
City of Satanta Community Building,844
Civic Center - Precinct 4,760
Civic Center - Ward 1,687
Civic Center - Ward 2,1077
Civic Center - Ward 3,1230
Civic Connection,639
Clearwater Methodist Church,3303
Clifton American Legion,193
Clyde City Hall,644
Codell High School Building,114
Colby Event Center,5347
College Ave United Methodist,3100
College Church of the Nazarene,4341
Colonial Heights Church,4863
Colony City Hall,512
Columbian Hall 1,1399
Columbian Hall 2,19
Columbian Hall 3,17
Columbus Community Bldg,2145
Colwich Elementary School,1794
Community Bible Church,3376
Community Bldg - Baxter Springs,3475
Community Building,1714
"Community Building, Bushton",292
Community Center,718
Community Center Ward 1,764
Community Center Ward 2,503
Community Center Ward 3,986
Community Center Ward 4,764
Community Center Ward 5,713
Community Christian Church,5534
"Community Christian Church - Twp 1, Pct 1",222
"Community Christian Church - Twp 1, Pct 2",146
Community Christian Church - Twp 2,535
Community Christian Church - Ward 1,437
Community Christian Church - Ward 2,372
Community Christian Church - Ward 3,622
Community Covenant Church,4303
Concordia Elementary School Gym,4012
Copeland/GY Amb Bldg,236
Corinth Library,3190
Cornerstone Christian Church,379
Cornerstone Comm Ch,2641
Cornerstone Presbyterian Church,2715
Corning Comm Bldg- Red Vermillion,86
Corning Comm Bldg - Corning City,145
Corning Comm Bldg - Illinois,166
Country Acres Baptist,4687
Countryside Baptist Church,4398
Countryside Christian,3403
Countryside Church Hall,4255
County Courthouse,1376
County Extension Office,3008
Courthouse-Election Day,1771
Courthouse-Mankato,1075
Courthouse Annex,3772
Courthouse Bsemnt Meeting,1631
Courthouse Lobby-Ctr 1- 05.01/05.06,433
Courthouse Lobby-Ctr 2-06.01/06.08,97
Courthouse Lobby-Highland 3-09.01/09.02,87
Courtland Comm. Center,533
Covenant Baptist Ch,1571
Covenant Presbyterian Church,4936
Crestview Christian Church,3664
Croco Square Inc,916
CrossRoads Ch,1487
Crossroads Christian Church,4896
Crystalbrook Church 1st Pct 3rd Ward,457
Crystalbrook Church 1st Pct 4th Ward,508
Crystalbrook Church 2nd Pct 3rd Ward,276
Crystalbrook Church Indep. City 1st Pct 2nd Ward,242
Crystalbrook Church Indep. City 2nd Pct 2nd Ward,213
Crystalbrook Church Indep. City 2nd Pct 4th Ward,393
CS Methodist Fellowship Hall,1818
Cuba Comm. Center,392
Culver United Methodist Church,150
Cummings Christian Church,442
Cunningham Community Center,554
Cure of Ars Catholic Church,4512
Damar Community Center,148
De Soto Community Center,1279
Deerfield Community Center,529
Delavan Community Bldg - Twp 7,163
Delavan Community Bldg - Twp 8,137
Delavan Community Bldg - Twp 9,234
Delaware Township Hall,1261
Delia Community Bldg,507
Delphos Presbyterian Fellowship Hall,355
Denison Community Bldg,438
Derby Library,4070
Dexter City Building,408
Dillon Nature Center,1876
Dodge City Civic Center,8818
Dotzour Community Center,715
Douglass Community Bldg,1634
Dover Comm Ctr,808
Downs Memorial Hall,796
Dresden Methodist Church,105
Dwest South Gym-Be,187
Dwest South Gym-De,205
Dwest South Gym-Se,171
Dwight Lamson Post 258 the American Legion,637
Dwight United Methodist Church- Twp 4,144
Dwight United Methodist Church - Twp 3,307
East Hess/4-H Bldg,237
East Lake Volunteer Hall,652
East Point Church Of Christ,2319
East Side Baptist Ch,1994
Eastborough City Hall,637
Eastminster Presbyterian,4674
Eastmoor United Methodist Church,2196
EC/SH Ell-Saline Elem Sch,949
Edgemoor Rec Center,2457
Edgerton United Methodist Church,1936
Edna Community Senior Center,930
Edwardsville City Hall Training Room,2992
Effingham Municipal Building,663
Eisenhower Recreation Center,3351
El Dorado Civic Center,5131
El Dorado Senior Center,2561
Elk City Community Building,383
Ellsworth American Legion,2078
Elm Grove Baptist Church,1262
Elwood Community Center,696
Emmanuel Baptist Church,2634
Emporia Avenue Church of Christ,4355
Emporia Presbyterian Church,2311
Emporia Recreation Center,1681
Emporia Senior Center,1964
EU/GY Gypsum Com Room,587
Eureka Public Library,2600
Evangel Presbyterian Church,2501
Evergreen Library,4117
Evidence Church,3561
Exodus Church,2361
F N B Annex & Community Center,423
FA/WS(400) Luth Parish Hl,224
Fair Building,1085
Fairlawn Nazarene Ch,1573
Fairmount Twp Fire Stat.,1503
Fairview Community Center,1248
Fairview Fire Station,675
Faith Bible Fellowship,1098
Faith Chapel Assembly of God,1250
Faith City Christian Center,2756
Faith Community Church - Family Center,1387
Faith United Church,345
Farlington Town Hall,417
Farlinville Comm. Bldg.,452
Fellowship Bible Ch,531
Fellowship Bible Church,2988
Fellowship Olathe,1594
Finney County Library,1602
Fire Dist No.1 Fire Stat.,1550
Fire District #1 Fire Station,995
Fire District #5 Eskridge Station,1067
Fire District #9 Building,459
Fire Station 21,1812
First Assembly of God,2428
First Assembly of God Church,3394
First Baptist Ch,1922
First Baptist Church,9422
First Baptist Church Annex,532
First Baptist Church Basehor,2402
First Baptist Church of Gardner,2253
First Baptist Church of Olathe,4514
First Baptist Church of Stilwell,2345
First Christian Ch,968
First Christian Church,7917
First Congregational Ch,953
First Luth Ch,961
First Lutheran Church,2666
First Pentecostal Church,3389
First St. John Lutheran Church,597
First UMC,1483
First United Methodist Ch,1957
First United Methodist Ch*,369
First United Methodist Church,14769
Fisher Center,3001
Florence John McKay American Legion Post 308,422
Fontana Methodist Church,462
Foote 4-H Bldg,59
Ford Community Church Fellowship Hall,236
Four Colonies Clubhouse 3,3090
Foursquare Church,598
Fowler Senior Center,634
Fulton Community Bldg,640
Galena City Hall,2112
Galva Community Center,853
Garden Plain High School,1492
Garden Valley Church,5065
Gardner Church of the Nazarene,3116
Garfield Comm Ctr,914
Garfield Community Center,155
Gas Community Center,1263
Gateway,1615
Gaylord Community Center,303
GB Activity Center,2080
GB Recreation Center,1608
Geneseo 55+ Club,299
George J. Perry Armory,2963
GL/OH/PV F D Station #3,627
Glasco Fire Department Meeting Room,419
Glenville Church,1171
God's Lighthouse of Prayer Church,456
Goddard District Conference Center,1809
Goddard Pathway Church,2717
Goessel City Building,995
Goff Comm Center - Goff City,65
Goff Comm Center - Harrison-Goff,62
Goff Comm Center - Harrison-Kelly,84
Goff Comm Center - Reilly,80
Good Shepherd Episcopal Church,4398
Gorham Senior Center,392
Gove,146
Gove County Office Blgd,119
GR/09 First Christian Ch,3243
Grace Baptist Church,4754
Grace Church South Overland Park,2269
Grace Community Church,7182
Grace Community Church of the Nazarene,1641
Grace Covenant Presbyterian Church,2749
Grace Fellowship Church,3161
Grace Fellowship Church-Pct 11,639
Grace Fellowship Church-Pct 12,915
Grace Fellowship Church-Pct 13,667
Grace Fellowship Church-Pct 4,337
Grace Fellowship Church-Pct 5,455
Grace Fellowship Church-Pct 6,188
Grace Fellowship Church Parker Twp 1,200
Grace Fellowship Church Parker Twp 2,640
Grace Presbyterian Church,3366
Grace UMC,462
Grace United Methodist Church,3058
GraceFirst,3888
Grainfield,294
Grandview Plaza Community Center,1638
Grant Twp Hall & Fire Station,1022
Grantville Comm Bldg,1028
Greater St Mary Baptist Church,3394
Greeley Co Courthouse,879
Greenwood Community Building,341
Gridley Community Bldg,670
Grinnell,300
Grinnell VFW,34
Grove Twp Hall,555
GS Community Activity Bldg,234
Haddam City Hall,227
Halstead HS New Gym,1778
Hamilton Activity Center,410
Hamilton County Courthouse,1314
Hanston Elk Plaza,386
Hardman Hall,187
Harper Senior Center (Twp 5 West),85
Harper Senior Center (TWP 6 West),63
"Harper Senior Center( Danville,Twp5 East)",232
Harper Senior Center(Harper Wd1),378
Harper Senior Center(Harper Wd2),437
Harper Senior Center(Twp 6 East),139
Harrison Township Hall,374
Hartford Community Center,524
Harvest Ridge Covenant Church,2337
Harveyville Community Center,419
Haskell County Ambulance Building,1320
Havana United Methodist Church,438
Haven Baptist Church,2990
Haven Senior Citizens Center,1154
Hays Recreation Center,2559
Haysville Activity Center,2742
Haysville Community Library,2508
Haysville United Methodist Church,4607
HCC Western Center Commons - Center,134
HCC Western Center Commons - Clear Creek,78
HCC Western Center Commons - Marion,299
Healy United Methodist Church,159
Heart of Christ Church,4147
Heritage Hall Event Ctr,2373
Heritage Park Golf Course,3692
Heritage Presbyterian Church,2942
Heritage Tours Meeting Room,406
Heritage United Methodist Church,2684
Herndon Senior Center,204
High Prairie Church,1757
High Prairie Church-Altoona,1027
High View Church,433
Highland Community Center,700
Highland Community Center-Le,54
Highland Hgts Christian,1156
Highland Park HS,1471
Highland Park UMC,1388
Hillcrest Comm Ctr,1100
Hillcrest Community Building,452
Hillcrest Covenant Church,2072
Hillsboro United Methodist Church,2308
Hillside Christian Church,1966
Hilltop Conference Center Blue Valley,7428
HOA Reg. Volleyball Facility,3264
Hockett Auditorium,540
Hoisington Activity Center - Arts & Crafts Room,961
Hoisington Activity Center - Meeting Rm,1791
Holcomb Recreation Center,1753
Holm West (Green Ford Building) W1,734
Holm West (Green Ford Building) W2,1081
Holm West (Green Ford Building) W3,690
Holm West (Green Ford Building) W4-1,885
Holm West (Green Ford Building) W4-2,1053
Holy Cross Lutheran,4320
Holy Trinity Orthodox Church,2987
Holyrood Lutheran Parish Hall,404
Hoover Pavilion,5642
Hope Alive Church,1158
Hope Chapel,5801
Hope Church,4687
Hope Community Church,11359
Horton Blue Building,1809
House of Prayer Church,2024
Howard Cox Building,826
Hoyt Community Bldg,1686
Huck Boyd Center,2343
Huck Boyd Center (Glade),299
Humboldt Methodist Church,2005
Hunter Community Building,115
Immaculate Conception Parish Hall,927
Immanuel Church Hall,340
Immanuel Lutheran Church,2716
Immanuel United Methodist Church,478
Independence Community College - Fab Lab,1381
Indian Heights United Methodist Church,3583
Ingalls 4-H Bldg,364
Inman Community Center,1131
Inman Community Center*,553
Islamic Center of Johnson County,2890
Ja Co Courthouse,1366
Jamestown Activity Center,262
JCCC Midwest Trust Center,5881
Jennings Sr Center,127
Jewell Community Center,681
Jo Co Church Of Christ,2650
Jo Co Northeast Offices,6966
Jo Co Sunset Office Building,4281
Joe Amayo/Argentine Community Center,3982
Journey Bible Church,3912
Journey Church,3618
Journey Mennonite Church,526
JP Weigand,4137
Junction City Municipal Building,5354
K-State Res/Ext Ofc-Wildcat Rm.,2870
Kanopolis City Library,540
Kansas City Kansas Community College - TEC,2398
Kaw Prairie Community Church,3926
Keats Community Center,660
Kechi City Building,2881
Kelley Hall Ward 1,599
Kelley Hall Ward 2,550
Kelley Hall Ward 3,608
Kentucky Township Bldg,1199
King Center,902
Kingdom Life Church,3113
Kingman Expo Center North Room,660
Kingman Expo Center South Room,2110
Kinsley-Offerle Elementary School,182
Kirwin Fire Station,164
Kismet Pavilion,380
Kloppenberg Center,759
Knights of Columbus Hall,1444
Knights Of Columbus Hall,206
Knox Presbyterian Church,2132
KS NE Conf of 7th Day Adv,744
KU Edwards Campus,2440
La Cygne Community Building,1227
LaCrosse City Auditorium,1203
Lake Quivira City Hall,926
Lake SN Reynolds Lodge,1513
Lake SN Shelter 3,833
Lancaster City Hall,603
Lane County 4h Building (all),969
Langdon City Hall,144
Lansing Community Rm.,2796
Larned Community Center,3285
Larsen Community Center,694
Leav. Baptist Church,2215
Leav. Public Library,1589
Leawood City Hall,5187
Lebanon Community Center,387
Lebo Community Building,1133
Legacy Christian Church Blue Valley,1357
Legacy Christian Church Overland Park,2332
Lenexa Baptist Church,5177
Lenexa Community Center,2678
Lenexa United Methodist Church,3429
Lenora Community Building,288
Leon Senior Center,1121
Leonardville Comm Bldg,546
Leroy Community Building,808
Lewis City Hall,439
LI/SV Assaria Lutheran Ch,791
Liberty Community Church,373
Life Church,2769
Life Spring Church,4161
Light of the World,1588
Lighthouse Baptist Church,3069
Lincoln Township Hall,788
Lincolnville Community Center,531
Lindsborg J.O. Sundstrom Conference Center,854
Lindsborg Senior Center,726
Linn City Hall,614
Linn Valley City Hall,905
Linwood Community Bldg,2279
Linwood Recreation Center,2978
Lionsgate Clubhouse,1579
Lodge At Ironwoods,5062
Logan 4-H Bldg,146
Logan City Building,447
"Logan Park Bldg.,Drum Ck Twp - USD 447",201
Logan Park Building,550
Logan Park Building Cherry Township,375
London Heights Baptist Church,2551
Long Island Community Center,201
Longton Senior Center,467
Lord of Life Lutheran Church,2228
Lorraine City Office,160
Louisburg United Methodist Church,4850
Lowman UMC,1504
Lucas Community Center,302
Lutheran Church All Sf Precincts,1535
Lyndon Comm Bldg,1832
Mac Steele High School Gym,4284
Machinists Building,3088
Mae Lessley Community Center,914
Maize City Building,2310
Maize Performing Arts & Aquatic Center,2395
Manhattan Public Library,1783
Manhattan Senior Center,1508
Maple Hill Sr Center,854
Mapleton Community Bldg,446
Marquette Senior Center,578
Martin Creek Pl,825
Marysville Township Hall,1135
Masonic Lodge,983
Matt Ross Community Center,1507
Mayfield Community Center,196
Mc Louth Fire Station,1269
McCracken Community Building,308
McCune Community Center,576
McDonald Schoolhouse,321
Mcfarland Senior Citizens Cent,261
Meade City Building,1721
Meadow View Elementary,291
Medora Community Bible Church,1269
Melvern Comm Bldg,1264
Memorial Auditorium Pittsburg,1445
Memorial Hall,2922
Memorial Hall - Drum Ck - USD 446,182
Memorial Hall 1st of 1st,338
Memorial Hall 1st Pct 5th Ward,396
Memorial Hall 1st Pct 6th Ward,922
Memorial Hall 2nd Pct 1st Ward,473
Memorial Hall 2nd Pct 5th Ward,527
Memorial Hall 2nd Pct 6th Ward,791
Mennonite Friendship Manor,475
Mercy Hill Church,4593
Meridian Baptist Church,2573
Merriam Christian Church,1977
Merriam City Hall,2306
Merriam Community Center,2411
Messiah Lutheran Church,2836
Methodist Church Annex,279
Metropolitan Comm Ch,865
Milford City Building,1273
Miltonvale Comm. Center,436
Mission Hill Ch,1104
Mission Hills City Hall,2532
Mitchell County Fair Building,3072
Mitchell United Methodist,2217
MNU Cunningham Campus Center,3867
Moline Community Building,569
Montezuma/GY Amb Bldg,594
Montgomery Co Extension Council - Indep Twp Pct 2,315
Monticello Library,5922
Moran Senior Center,976
Morton County Courthouse,1620
Moscow Christian Fellowship Church,357
Mound Valley Community Center,506
Msvle American Legion Post #163 Oketo,640
Msvle American Legion Post #163 Ward 1 & 2,1262
Msvle American Legion Post #163 Ward 3 & 4,1027
Msvle American Legion Post 163,648
Mt Vernon Methodist Church,2107
Mt. Carmel Church of God in Christ,2300
Mt. Zion Baptist Church,1378
Mullinville Rec Gym,264
Mulvane Christian Church,2668
Mulvane School Admin Building,1526
Munden Comm. Hall,331
Municipal Bldg Basement,1218
Municipal Center,923
Municipal Hall ( Twp 3 East),97
Municipal Hall ( Twp 3 West),118
"Municipal Hall ( Waldron, Twp 2)",61
Municipal Hall (Anthony W1),661
Municipal Hall (Anthony W2),354
Municipal Hall (Anthony W3),161
Municipal Hall (Anthony W4),237
"Municipal Hall (Bluff, Freeport, Twp 4)",144
Murdock Methodist Church,880
Muscotah City Hall,567
N Hills Baptist Ch,1081
N Hills ES,1154
Nall Avenue Church of the Nazarene,1422
Natoma Community Center,268
Nazarene Church Gym,2056
Nemaha Co Comm Bldg - Adams,136
Nemaha Co Comm Bldg - Mitchell,244
Nemaha Co Comm Bldg - Richmond,404
Nemaha Co Comm Bldg - Seneca City Ward 1,355
Nemaha Co Comm Bldg - Seneca City Ward 2,552
Nemaha Co Comm Bldg - Seneca City Ward 3,597
Neodesha Methodist Church,1691
Neosho Rapids Community Building,725
Neosho Valley Event Center,1188
Netawaka Community Building,252
New Century Fieldhouse,6244
New City Church,3723
New Hope Ch,1038
New Hope Church of God in Christ,662
New Life Assembly of God,1359
New Life Community Church,2183
New Life Covenant Church,4192
New Life SDA Church,2073
New Story Church,3635
New Strawn Community Center,993
Nickerson Community Center,763
NLC Community Center,328
Norcatur City Hall,158
North Community Building,4511
North Newton City Building,1312
North Room 4-H Building,1003
Northland Christian Ch,1489
Northridge Community Ctr,1381
Northridge Community Ctr*,449
Northside Church of Christ,3967
Northwest Christian Church,2353
Oak Park Library,4829
Oak Ridge Missionary Baptist Church,4787
Oakland Comm Ctr,1842
Oakley,1566
Ogden Community Bldg,2768
Okun Fieldhouse,4053
Olathe Downtown Library,5220
Olathe Indian Creek Library,5970
Old Mission United Methodist Church,1652
Olivet Baptist Church,3465
Olivet Institutional Baptist Church,1611
Olsburg Fire Station,643
Onaga Community Center,1225
Open Door Baptist Church,3131
Osage City Comm Bldg,2780
Osage Community Center,520
Oskaloosa City Hall,1468
Oswego Community Center,1431
Otis City Hall,353
Ottawa Township Hall,1033
Our Saviors Luth Ch,963
Overland Park Arboretum Longhouse,2739
Overland Park Baptist Temple,2873
Overland Park Chamber of Commerce,1781
Overland Park Church of the Nazarene,1657
Overland Park Fire Department Training Center,6063
Overland Park Lutheran Church,3463
Oxford Lions Club Bldg,1053
Ozawkie Comm Bldg,1224
Palco Township Hall,256
Paola Adult Education Center,1357
Paola American Legion,5022
Park City City Hall,3537
Parker Sr. Center,692
Parkerfield Community Center,1221
Parkside Manor,746
Parsons Middle School,1619
Partridge Public Library,316
Pathway Church,3878
Patricia Diane Kane Community Center,3704
Paxico Senior Citizens Center,758
Payne,170
Peabody Senior Center,973
Peck Community Bldg,593
Pix Center,1385
Plains Community Building,1055
Plainville Twp Hall,1533
Planters II,3678
Pleasant Hill UMC,1638
Pleasant Valley Twp Hall,775
Pleasanton Community Center,1379
Pleasantview Baptist Church,3440
Plevna City Offices,168
Plum Shelter @ Sedgwick County Park,3386
Plymouth Congregational Church,3803
Pomona Community Building,1322
Pottawatomie Community,480
Pottorf Hall (Cico),1821
Prairie Center CGP,1610
Prairie Rock School House,118
Prairie Senior Center,855
Prairie View Community Center,183
Presbyterian Church,2229
Prescott City Hall,351
Prince of Peace - St Patrick's Parish Center,2675
Prince of Peace Luth Ch,1324
Princeton Community Building,587
Progressive Missionary Baptist Church,1847
Protection Twp. Library,422
Quindaro Community Center,3731
Radisson Hotel Lenexa,5707
Rainbow Mennonite Church,5790
Randolph VFW,800
Rantoul City Hall,593
Raymond Frye Complex 1,5739
Reading Civic Building,300
Recreation Annex Building,3558
Redeemer Lutheran Church,5650
Redfield City Hall,1277
Reformation Lutheran,4799
Reformed Presbyterian Church of Shawnee,3215
Reliance Community Church,3631
Reno Twp Fire Station,1220
RH Christian Church,5835
Rice Comm Ctr,973
Richland Township Hall,1701
Richmond Community Building,540
Riley City Hall,838
Rios de Agua Viva Apostolic Church,3159
Risen Savior Lutheran Church,7093
Riverside Christian Church,3840
Riverview Baptist Church,2210
Robinson Senior Citizens Center,495
Roeland Park Community Center,3968
Rolla Community Center,404
Rolling Hills Christian,1648
Rolling Hills Presbyterian Church,2400
Rosalia Community Bldg,432
Roxbury United Parish,260
Rozel Community Center,164
Rural Water District 4,463
S Hills Mennonite Ch,2192
S Village Mobile Pk,1411
Sabetha City Hall - Berwick,290
Sabetha City Hall - Capioma,115
Sabetha City Hall - Rock Creek,320
Sabetha City Hall - Sabetha City Ward 1,450
Sabetha City Hall - Sabetha City Ward 2,488
Sabetha City Hall - Sabetha City Ward 3,460
Sabetha City Hall - Sabetha City Ward 4,338
Sacred Heart Ch,1446
Sacred Heart Church,1313
Sacred Heart Hall,2927
Sacred Heart Parish Ctr,1749
Saint Andrew Christian Church,3589
Saint Mark United Methodist Church,2148
Salem United Methodist,4430
Salvation Army,778
Sarcoxie South Fire Station,780
Sauder Community Center,869
Savior Pastoral Center,2193
SC/WS(307) Br Un Meth Ch,360
Scammon Parrish Hall,1096
Scandia Community. Center,488
Scenic Woods Clubhouse,1621
Scheels Overland Park Soccer Complex,3161
Scranton Comm Bldg,813
Sdg Co Extension Ofc,2865
Seaman Comm Ch,1793
Seasons Venue @ Watson Park,2904
Second Christian Church,2731
Sedalia Community Church,770
Sedan High School Gymnasium - New Gym,1537
SEK Impact Conference Center,5064
Selden Community Center,305
Selma/Kincaid United Methodist,484
Senior Citizen - Cofv Building- Pct 2,205
Senior Citizen - Cofv Building - Pct 1,117
Senior Citizen - Cofv Building - Pct 10,377
Senior Citizen - Cofv Building - Pct 3,330
Senior Citizen - Cofv Building - Pct 7,312
Senior Citizen - Cofv Building - Pct 8,305
Senior Citizen - Cofv Building - Pct 9,77
Senior Citizen - Cvale Building,738
Senior Citizen Bldg in Galena,1076
Senior Citizen Ctr,1071
Senior Citizens Center,686
Severy Methodist Church,675
Seward County Activity Center,10497
Shawnee Bible Church,1572
Shawnee Community Christian Church,1547
Shawnee Library,4456
Shawnee Presbyterian Church,1525
Shawnee Town Hall,5504
Sheriff Firing Range,951
Silver Lake UMC,1374
SM Smolan Community Bldg,558
Smoky Hill Country Club,3031
SN Heights ES,1193
SN Heights MS,1494
SNCO Fire District 1,711
SNCO Fire District 4,502
SO Kipp Community Bldg,261
Soldier Community Center,387
Solomon City Building,1305
South Haven Community Bldg,555
South High School,3235
South Hutch United Methodist,734
South Rock Christian Church,4099
South Room 4-H Building,1419
Southeast High School,4133
Southminster Presbyterian Church,1904
Southwoods Christian Church,3759
Spring Hill Community Center,3196
Srader Center,1496
St Aloysius Church,2069
St Aloysius Church - WFV,546
St Andrew's Episcopal Derby,1297
St Andrew's Lutheran,3643
St Andrews Presb Ch,1991
St Anne Catholic Church,3058
St Elizabeth Ann Seton,4413
St John's Evangelist Catholic Church,2665
St Joseph Parish Center,1843
St Luke's Episcopal Church,3038
St Matthew's Church,1713
St Michael the Archangel Catholic Church,8090
St Nicholas Church,2769
St Paul's United Methodist Church,4171
St Thomas the Apostle Episcopal Church,1864
St. Andrew Missionary Baptist Church,3037
St. Francis De Sales,3521
St. Francis Xavier Hall,1745
St. John's Parish Center Sc,978
St. John Lutheran Hall,3132
St. Johns Hall,692
"St. Joseph Catholic Hall Arma, Ks",3001
St. Lawrence Hall,814
St. Malachy's Church Hall,320
St. Michael Catholic Hall,3134
St. Teresa Catholic Church,437
St. Thomas More Church,2217
Stanton County Courthouse,1046
Sterling Evangelical Church,260
Sterling Methodist Church Fellowship Hall,2071
Sternberg Museum,2318
STFD 72,814
Stilwell United Methodist Church,1720
Stockton City Hall,1478
Storehouse Fairlawn Plaza,1978
Stranger Twp Fire Station,993
Summerfield Community Ctr,244
Sunflower Center,222
Sunrise Acres,511
Sunrise Optimist Club,1634
Sunset Hills Christian Church,2897
Susanna Wesley UMC,2332
Sycamore Township Hall,613
Sycamore Township Hall West Cherry Township,221
Sylvan Grove Fire Station,520
Sylvester Powell Jr Community Center,2222
Talmage Community & Senior Center,966
Tampa Senior Center,457
Temple Beth Sholom,785
Thayer Community Building,847
The Benton Church,2185
The Coffee Campus,1102
The Light KC,789
The Links Clubhouse,1984
The Phyllis Jackson Meeting Room,975
The Sandbox,2573
Tipton Community Building,220
Tomahawk Creek Condos,1263
Tomahawk Hills Golf Course,1611
Tomahawk Ridge Community Center,4527
Topeka Baptist Ch,1286
Topeka Bible Ch,971
Topeka Ch of Brethren,1345
Topeka Civic Theatre,1308
Toronto Township Comm. Bldg.,369
Towanda First Baptist Church,2319
Town Cntry Christian Ch,2397
Trinity Lutheran Church,7323
Trinity Methodist Church,2327
Trinity Presbyterian,1358
Trinity United Methodist Chur,2471
Troy Community Building-WY,135
Troy Community Building - Troy City,1137
Turon Community Center,304
Twelfth Avenue Baptist Church,2732
Tyro Christian Church Caney Township Tyro Pct,497
Tyro Christian Church Fawn Crk Twp Tyro Pct,342
Udall Community Building,1411
Umc Education Building (USD 496),233
Umc Fellowship Hall,262
Unger Complex,1012
Uniontown City Hall,591
United Methodist Church,2484
United Methodist Church of De Soto,1310
University Christian Church,2670
Urban League,2406
USD 298 Lincoln Jr Sr High School Storm Shelter,1591
USD 309 Administration,255
USD 449 Board Office,1510
USD 473 District Office,1822
USD 501 Admin Bldg,681
USD 501 Natatorium,1481
USD 505 St. Paul School,839
UUFT Ch,1636
V.F.W. Hall,2040
Valley Center Community Center,2934
Valley Center High School,3274
Valley Heights High School - B.R.,746
Valley Heights High School - Wtvl,659
Valley Township Building,586
Veteran's Memorial Building,1671
Veterans Bldg,622
Veterans Building,1381
VFW (Ellis),1869
VFW (Hays),3208
VFW (Victoria),1333
VFW 6654 of De Soto,3235
VFW 7397 of Lenexa,2141
VFW Bldg,1125
VFW Building,2747
Villa Ro Community Rm,528
Village on Antioch,2934
Vineyard Comm Church,1987
Vineyard Community Church,4411
Viola Community Hall,435
Wakarusa Presb,716
Wakefield United,1229
Waldo Senior Center,352
Walton FD1 Fire Station,636
Wanamaker Woods Ch Naz,1374
Washburn Rural HS,1342
Wathena Community Center,1012
Wathena Community Center - Bl,165
Wathena Community Center - Bo,117
Wathena Community Center - Ma,167
Waverly Commun. Bldg. 1,758
Wayside Christian Church,260
Wea Catholic School,545
Weir Civic Club Bldg.,1122
Welda Community Building,593
Wells Comm Center,313
Wellsville Baptist Family Cntr,2226
Wesleyan Church,1746
West Evangelical Free Church,4393
West Haven Bapt. Church,1265
West High School,2502
West Lenexa SDA Church,3313
West Ridge Mall,2140
West Side Church of God,3381
Westbrooke Church,2070
Western Hills Ch,2166
Westlink Church of Christ,4235
Westminister Presbyterian Chu,1704
Westminster Presb Ch,1111
Westmoreland Community Center,1206
Westside Christian Church,549
Westside Church of the Nazarene,4164
Westside Family Church,3344
Westview Baptist Church,3557
Westview Comm Church,1247
Westwood City Hall,2732
Westwood Presbyterian,4710
Wetmore American Legion - Granada,73
Wetmore American Legion - Wetmore City,210
Wetmore American Legion - Wetmore Township,95
Wgtn Knights of Columbus Hall,1059
White City Community Bldg - Hi,69
White City Community Bldg - Ov,58
White City Community Bldg - Twp 5,431
White City Community Bldg - Twp 6,79
Whitewater Community Church,1705
Whiting Community Building,365
Wichita Brewing Venue,2814
Wichita County Community Building,1383
Wichita United Church of Christ,3124
Williamsburg Community Bldg,921
Wilmore Community Center,51
Wilson County Courthouse,1103
Wilson Senior Center.,665
Winchester City Hall/Community Building,794
Windom Fire Station,121
Winona,316
WL Southeast of Saline Sch,418
WLW Civic Auditorium,2408
Wm Carpenter Building 1,141
Wm Carpenter Building 10,656
Wm Carpenter Building 11,861
Wm Carpenter Building 2,59
Wm Carpenter Building 3,77
Wm Carpenter Building 4,51
Wm Carpenter Building 5,66
Wm Carpenter Building 6,198
Wm Carpenter Building 7,135
Wm Carpenter Building 8,515
Wm Carpenter Building 9,724
Wolak Building,3778
Womans Club of Topeka,1926
Woodbine United Methodist Church,350
Woodland Lakes Community Church,3354
Woodland United Methodist Church,4288
Woodlawn Methodist Church,1755
Woodson Avenue Bible Church,4288
Woodson County Ambulance Bldg,887
Word of Life Church,3208
WSU Metropolitan Complex,3441
WTech East,899
WU Alumni Ctr,1203
Wyandotte Tabernacle Church,4087
Zeandale Community Church,659
Zenda City Hall,449
Zenda Community Center,72
Zion United Church of Christ,2492
Zurich City Building,124
